mapa,monster_id,amount,eh_re
ama_fild01,1060,14,True
ama_fild01,1400,72,True
ama_fild01,1406,57,True
ama_fild01,1404,2,True
ama_fild01,1402,1,True
ama_fild01,1068,14,True
ayo_fild01,1056,40,True
ayo_fild01,1104,40,True
ayo_fild01,1057,40,True
ayo_fild01,1080,10,True
ayo_fild02,1057,82,True
ayo_fild02,1586,63,True
ayo_fild02,1587,9,True
ayo_fild02,1081,10,True
ba_lost,20649,50,True
ba_lost,20650,50,True
ba_lost,20651,50,True
ba_lost,20652,50,True
ba_lost,20653,30,True
ba_maison,20630,15,True
ba_maison,20640,5,True
ba_maison,20679,15,True
ba_maison,20683,2,True
ba_maison,20684,1,True
bif_fild01,1994,29,True
bif_fild01,1992,17,True
bif_fild01,2137,58,True
bif_fild01,2136,34,True
bif_fild01,2133,5,True
bif_fild01,2132,5,True
bif_fild02,1994,27,True
bif_fild02,1992,16,True
bif_fild02,2137,33,True
bif_fild02,2136,55,True
bif_fild02,2133,5,True
bif_fild02,2132,5,True
cmd_fild01,1687,202,True
cmd_fild01,1118,67,True
cmd_fild01,1083,1,True
cmd_fild01,1079,6,True
cmd_fild01,1080,5,True
cmd_fild02,1317,162,True
cmd_fild02,1391,40,True
cmd_fild02,1074,27,True
cmd_fild02,1073,27,True
cmd_fild02,1266,13,True
cmd_fild02,1313,1,True
cmd_fild03,1271,194,True
cmd_fild03,1118,64,True
cmd_fild03,1262,5,True
cmd_fild03,1089,1,True
cmd_fild03,1083,3,True
cmd_fild04,1323,149,True
cmd_fild04,1391,37,True
cmd_fild04,1074,24,True
cmd_fild04,1073,24,True
cmd_fild04,1266,12,True
cmd_fild06,1040,165,True
cmd_fild06,1058,55,True
cmd_fild06,1081,5,True
cmd_fild07,1254,116,True
cmd_fild07,1266,34,True
cmd_fild07,1074,34,True
cmd_fild07,1073,34,True
cmd_fild08,1105,62,True
cmd_fild08,1160,62,True
cmd_fild08,1095,62,True
cmd_fild08,1097,37,True
cmd_fild08,1040,2,True
cmd_fild08,1081,8,True
cmd_fild09,1058,155,True
cmd_fild09,1105,16,True
cmd_fild09,1160,16,True
cmd_fild09,1095,16,True
cmd_fild09,1097,10,True
dew_fild01,2151,100,True
dew_fild01,1099,75,True
dew_fild01,2153,16,True
dic_fild01,1987,60,True
dic_fild01,1999,30,True
dic_fild01,1986,25,True
dic_fild01,2092,20,True
dic_fild02,2024,3,True
dic_fild02,1987,38,True
dic_fild02,1999,10,True
dic_fild02,1986,27,True
dic_fild02,2092,87,True
ecl_fild01,2363,73,True
ecl_fild01,2364,73,True
ein_fild03,1622,100,True
ein_fild03,1621,20,True
ein_fild03,1620,20,True
ein_fild03,1616,20,True
ein_fild03,1081,15,True
ein_fild03,1080,15,True
ein_fild04,1621,124,True
ein_fild04,1620,37,True
ein_fild04,1622,24,True
ein_fild04,1378,18,True
ein_fild04,1616,12,True
ein_fild04,1078,10,True
ein_fild04,1081,10,True
ein_fild04,1080,10,True
ein_fild05,1620,100,True
ein_fild05,1621,30,True
ein_fild05,1622,20,True
ein_fild05,1378,15,True
ein_fild05,1616,10,True
ein_fild06,1628,100,True
ein_fild06,1613,30,True
ein_fild06,1078,10,True
ein_fild06,1081,10,True
ein_fild07,1613,109,True
ein_fild07,1619,36,True
ein_fild07,1628,12,True
ein_fild07,1618,1,True
ein_fild07,1078,10,True
ein_fild07,1081,10,True
ein_fild07,1085,12,True
ein_fild08,1613,139,True
ein_fild08,1619,41,True
ein_fild08,1078,10,True
ein_fild08,1081,10,True
ein_fild08,1085,13,True
ein_fild09,1619,97,True
ein_fild09,1613,41,True
ein_fild09,1078,10,True
ein_fild09,1081,10,True
ein_fild09,1085,13,True
gef_fild00,1011,160,True
gef_fild00,1002,34,True
gef_fild00,1007,34,True
gef_fild00,1079,2,True
gef_fild00,1080,6,True
gef_fild01,1012,112,True
gef_fild01,1094,28,True
gef_fild01,1089,1,True
gef_fild01,1080,5,True
gef_fild02,1104,172,True
gef_fild02,1031,24,True
gef_fild02,1128,24,True
gef_fild02,1033,24,True
gef_fild02,1080,8,True
gef_fild02,1085,6,True
gef_fild02,1079,4,True
gef_fild02,1083,1,True
gef_fild03,1273,160,True
gef_fild03,1023,73,True
gef_fild03,1686,24,True
gef_fild03,1080,21,True
gef_fild04,1020,125,True
gef_fild04,1063,25,True
gef_fild04,1007,25,True
gef_fild04,1011,25,True
gef_fild04,1080,6,True
gef_fild05,1018,143,True
gef_fild05,1174,20,True
gef_fild05,1056,20,True
gef_fild05,1048,10,True
gef_fild05,1051,10,True
gef_fild05,1078,15,True
gef_fild06,1155,158,True
gef_fild06,1139,36,True
gef_fild06,1037,36,True
gef_fild06,1083,4,True
gef_fild07,1008,134,True
gef_fild07,1002,20,True
gef_fild07,1007,20,True
gef_fild07,1011,20,True
gef_fild07,1080,6,True
gef_fild07,1083,1,True
gef_fild07,1079,1,True
gef_fild08,1156,163,True
gef_fild08,1139,37,True
gef_fild08,1118,37,True
gef_fild08,1079,8,True
gef_fild09,1012,24,True
gef_fild09,1104,98,True
gef_fild09,1085,10,True
gef_fild09,1079,3,True
gef_fild10,1023,179,True
gef_fild10,1273,55,True
gef_fild10,1686,27,True
gef_fild10,1079,6,True
gef_fild10,1080,3,True
gef_fild11,1122,58,True
gef_fild11,1123,58,True
gef_fild11,1124,58,True
gef_fild11,1125,58,True
gef_fild11,1299,1,True
gon_fild01,1409,70,True
gon_fild01,1415,51,True
gon_fild01,1037,12,True
gon_fild01,1080,5,True
gon_fild01,1083,1,True
hu_fild01,1715,105,True
hu_fild01,1718,36,True
hu_fild01,1368,10,True
hu_fild01,1721,10,True
hu_fild02,1715,126,True
hu_fild02,1718,37,True
hu_fild02,1368,37,True
hu_fild02,1721,25,True
hu_fild02,1259,3,True
hu_fild04,1718,100,True
hu_fild04,1715,30,True
hu_fild04,1368,30,True
hu_fild04,1721,20,True
hu_fild04,1081,10,True
hu_fild04,1079,6,True
hu_fild05,1718,130,True
hu_fild05,1715,35,True
hu_fild05,1721,20,True
hu_fild06,1074,87,True
hu_fild06,1073,35,True
hu_fild06,1266,35,True
hu_fild06,1080,10,True
hu_fild06,1081,10,True
lhz_fild01,1162,170,True
lhz_fild01,1215,45,True
lhz_fild01,1613,45,True
lhz_fild01,1078,10,True
lhz_fild01,1081,10,True
lhz_fild01,1080,10,True
lhz_fild02,1215,100,True
lhz_fild02,1692,40,True
lhz_fild02,1162,20,True
lhz_fild02,1613,20,True
lhz_fild02,1378,15,True
lhz_fild02,1081,15,True
lhz_fild02,1080,15,True
lhz_fild03,1692,130,True
lhz_fild03,1215,20,True
lhz_fild03,1162,20,True
lhz_fild03,1613,20,True
lhz_fild03,1378,15,True
lhz_fild03,1078,10,True
lhz_fild03,1080,10,True
lou_fild01,1516,60,True
lou_fild01,1139,28,True
lou_fild01,1368,28,True
lou_fild01,1081,10,True
xmas_fild01,1242,65,True
xmas_fild01,1243,9,True
xmas_fild01,1515,1,True
ma_fild01,2313,67,True
ma_fild01,2314,67,True
ma_fild01,2316,40,True
ma_fild02,2309,54,True
ma_fild02,2310,34,True
ma_fild02,2312,41,True
ma_fild02,2316,27,True
ma_fild02,2315,34,True
man_fild01,1988,148,True
man_fild01,1999,42,True
man_fild01,1989,14,True
man_fild01,1987,2,True
man_fild02,2024,75,True
man_fild02,1987,52,True
man_fild02,1986,37,True
man_fild03,1989,33,True
man_fild03,1986,33,True
man_fild03,1987,33,True
man_fild03,1990,1,True
mjolnir_01,1103,167,True
mjolnir_01,1174,23,True
mjolnir_01,1018,23,True
mjolnir_01,1060,23,True
mjolnir_01,1083,2,True
mjolnir_01,1080,10,True
mjolnir_01,1079,5,True
mjolnir_02,1128,33,True
mjolnir_02,1031,22,True
mjolnir_02,1033,154,True
mjolnir_02,1057,22,True
mjolnir_02,1080,23,True
mjolnir_02,1079,6,True
mjolnir_02,1078,6,True
mjolnir_03,1037,140,True
mjolnir_03,1380,37,True
mjolnir_03,1139,37,True
mjolnir_03,1083,2,True
mjolnir_03,1080,13,True
mjolnir_04,1380,162,True
mjolnir_04,1139,43,True
mjolnir_04,1037,43,True
mjolnir_04,1083,3,True
mjolnir_04,1080,17,True
mjolnir_05,1099,166,True
mjolnir_05,1139,44,True
mjolnir_05,1380,44,True
mjolnir_05,1079,9,True
mjolnir_05,1083,1,True
mjolnir_05,1078,10,True
mjolnir_06,1077,100,True
mjolnir_06,1018,30,True
mjolnir_06,1056,70,True
mjolnir_06,1079,2,True
mjolnir_06,1085,8,True
mjolnir_07,1166,161,True
mjolnir_07,1494,34,True
mjolnir_07,1118,34,True
mjolnir_07,1080,7,True
mjolnir_07,1085,2,True
mjolnir_07,1079,2,True
mjolnir_08,1494,169,True
mjolnir_08,1166,36,True
mjolnir_08,1118,36,True
mjolnir_08,1079,2,True
mjolnir_08,1080,6,True
mjolnir_09,1167,159,True
mjolnir_09,1010,34,True
mjolnir_09,1004,34,True
mjolnir_09,1085,11,True
mjolnir_10,1100,194,True
mjolnir_10,1494,41,True
mjolnir_10,1118,41,True
mjolnir_10,1083,1,True
mjolnir_10,1080,10,True
mjolnir_11,1099,170,True
mjolnir_11,1100,45,True
mjolnir_11,1118,45,True
mjolnir_11,1080,11,True
mjolnir_11,1079,2,True
mjolnir_12,1114,162,True
mjolnir_12,1035,43,True
mjolnir_12,1139,43,True
moc_fild01,1019,93,True
moc_fild01,1055,202,True
moc_fild01,1047,31,True
moc_fild01,1081,10,True
moc_fild02,1055,58,True
moc_fild02,1019,153,True
moc_fild02,1047,11,True
moc_fild02,1081,7,True
moc_fild02,1080,7,True
moc_fild03,1013,164,True
moc_fild03,1100,23,True
moc_fild03,1042,23,True
moc_fild03,1080,14,True
moc_fild07,1113,214,True
moc_fild07,1011,46,True
moc_fild07,1050,23,True
moc_fild07,1047,15,True
moc_fild07,1049,15,True
moc_fild07,1081,5,True
moc_fild11,1107,137,True
moc_fild11,1009,137,True
moc_fild11,1001,41,True
moc_fild12,1049,65,True
moc_fild12,1050,65,True
moc_fild12,1047,45,True
moc_fild12,1113,39,True
moc_fild12,1009,39,True
moc_fild12,1081,10,True
moc_fild13,1042,140,True
moc_fild13,1013,15,True
moc_fild13,1100,15,True
moc_fild13,1058,15,True
moc_fild13,1138,15,True
moc_fild13,1085,13,True
moc_fild13,1081,15,True
moc_fild16,1165,130,True
moc_fild16,1127,30,True
moc_fild16,1119,10,True
moc_fild17,1127,170,True
moc_fild17,1165,39,True
moc_fild17,1119,13,True
moc_fild17,1081,6,True
moc_fild17,1079,1,True
moc_fild18,1001,160,True
moc_fild18,1009,34,True
moc_fild18,1107,34,True
moc_fild18,1091,1,True
moc_fild18,1081,8,True
moc_fild20,1918,1,True
moc_fild20,1919,1,True
moc_fild20,1920,1,True
moc_fild20,1921,1,True
moc_fild21,1918,79,True
moc_fild21,1919,79,True
moc_fild21,1920,79,True
moc_fild21,1921,58,True
moc_fild22,1918,73,True
moc_fild22,1919,73,True
moc_fild22,1920,73,True
moc_fild22,1921,50,True
mosk_fild02,1037,56,True
mosk_fild02,1099,42,True
mosk_fild02,1139,14,True
mosk_fild02,1368,7,True
mosk_fild02,1081,5,True
mosk_fild02,1082,5,True
niflheim,1509,35,True
niflheim,1508,35,True
niflheim,1503,17,True
niflheim,1510,17,True
niflheim,1504,8,True
nif_fild01,1506,56,True
nif_fild01,1508,33,True
nif_fild01,1504,22,True
nif_fild01,1503,11,True
nif_fild01,1510,11,True
nif_fild02,1505,21,True
nif_fild02,1503,20,True
nif_fild02,1507,11,True
nif_fild02,1504,10,True
nif_fild02,1509,10,True
nif_fild02,1510,10,True
pay_fild01,1010,181,True
pay_fild01,1002,38,True
pay_fild01,1007,38,True
pay_fild01,1080,5,True
pay_fild02,1025,142,True
pay_fild02,1024,30,True
pay_fild02,1014,30,True
pay_fild02,1080,4,True
pay_fild02,1085,4,True
pay_fild03,1007,130,True
pay_fild03,1002,25,True
pay_fild03,1010,25,True
pay_fild03,1008,20,True
pay_fild03,1085,6,True
pay_fild03,1080,4,True
pay_fild04,1031,141,True
pay_fild04,1242,32,True
pay_fild04,1113,21,True
pay_fild04,1002,16,True
pay_fild04,1096,1,True
pay_fild04,1120,1,True
pay_fild04,1090,1,True
pay_fild04,1582,1,True
pay_fild04,1083,1,True
pay_fild04,1080,5,True
pay_fild06,1024,140,True
pay_fild06,1025,30,True
pay_fild06,1014,30,True
pay_fild06,1085,8,True
pay_fild06,1080,10,True
pay_fild06,1083,1,True
pay_fild07,1060,174,True
pay_fild07,1103,40,True
pay_fild07,1174,26,True
pay_fild07,1018,26,True
pay_fild07,1080,8,True
pay_fild08,1014,148,True
pay_fild08,1024,31,True
pay_fild08,1025,31,True
pay_fild08,1080,10,True
pay_fild08,1083,1,True
pay_fild09,1033,25,True
pay_fild09,1128,181,True
pay_fild09,1104,38,True
pay_fild09,1080,10,True
pay_fild09,1083,1,True
pay_fild10,1277,129,True
pay_fild10,1494,64,True
pay_fild10,1166,64,True
pay_fild10,1080,15,True
pay_fild10,1079,3,True
prt_fild00,1012,169,True
prt_fild00,1094,65,True
prt_fild00,1167,26,True
prt_fild00,1083,1,True
prt_fild00,1080,5,True
prt_fild01,1063,196,True
prt_fild01,1002,42,True
prt_fild01,1007,42,True
prt_fild01,1080,3,True
prt_fild01,1079,1,True
prt_fild02,1174,188,True
prt_fild02,1018,40,True
prt_fild02,1031,40,True
prt_fild02,1093,1,True
prt_fild02,1083,3,True
prt_fild03,1057,127,True
prt_fild03,1031,38,True
prt_fild03,1128,38,True
prt_fild03,1214,1,True
prt_fild03,1080,20,True
prt_fild03,1079,2,True
prt_fild04,1094,111,True
prt_fild04,1012,27,True
prt_fild04,1088,1,True
prt_fild04,1080,5,True
prt_fild05,1004,199,True
prt_fild05,1048,42,True
prt_fild05,1051,42,True
prt_fild05,1080,6,True
prt_fild05,1079,1,True
prt_fild06,1007,149,True
prt_fild06,1002,32,True
prt_fild06,1063,32,True
prt_fild06,1080,15,True
prt_fild07,1052,203,True
prt_fild07,1167,67,True
prt_fild07,1088,1,True
prt_fild07,1084,3,True
prt_fild08,1002,87,True
prt_fild08,1063,67,True
prt_fild08,1007,77,True
prt_fild08,1008,20,True
prt_fild08,2398,20,True
prt_fild09,1138,212,True
prt_fild09,1058,91,True
prt_fild09,1081,3,True
prt_fild10,1033,157,True
prt_fild10,1031,22,True
prt_fild10,1128,22,True
prt_fild10,1104,22,True
prt_fild10,1085,16,True
prt_fild10,1083,1,True
prt_fild11,1126,60,True
prt_fild11,1392,50,True
prt_fild11,1258,50,True
prt_fild11,1280,30,True
prt_fild11,1124,10,True
prt_fild11,1125,10,True
prt_fild11,1123,10,True
prt_fild11,1122,10,True
prt_fild11,1308,1,True
prt_fild11,1085,10,True
ra_fild01,1106,145,True
ra_fild01,1782,33,True
ra_fild01,1107,22,True
ra_fild01,1627,11,True
ra_fild03,1680,154,True
ra_fild03,1782,35,True
ra_fild03,1030,23,True
ra_fild03,1627,23,True
ra_fild04,1680,155,True
ra_fild04,1782,35,True
ra_fild04,1106,23,True
ra_fild04,1627,23,True
ra_fild05,1133,81,True
ra_fild05,1134,81,True
ra_fild05,1135,81,True
ra_fild05,1627,11,True
ra_fild06,1282,87,True
ra_fild06,1133,49,True
ra_fild06,1134,49,True
ra_fild06,1135,49,True
ra_fild06,1627,12,True
ra_fild06,1296,1,True
ra_fild08,1030,159,True
ra_fild08,1782,79,True
ra_fild08,1680,31,True
ra_fild08,1107,15,True
ra_fild08,1627,15,True
ra_fild12,1782,216,True
ra_fild12,1627,49,True
ra_fild12,1107,24,True
ra_fild12,1081,15,True
ra_fild12,1078,5,True
rockrdg1,3736,20,True
rockrdg1,3737,10,True
rockrdg1,3739,40,True
rockrdg1,1051,10,True
rockrdg1,1080,8,True
rockrdg1,1081,4,True
rockrdg1,1084,8,True
rockrdg2,3737,20,True
rockrdg2,3738,60,True
rockrdg2,3739,10,True
rockrdg2,1080,5,True
rockrdg2,1081,4,True
rockrdg2,1082,5,True
rockrdg2,1083,4,True
rockrdg2,1051,10,True
spl_fild01,2015,98,True
spl_fild01,1993,68,True
spl_fild01,1992,49,True
spl_fild02,1995,135,True
spl_fild02,1994,27,True
spl_fild03,1994,74,True
spl_fild03,1992,52,True
spl_fild03,1993,42,True
spl_fild03,1991,2,True
um_fild01,1493,97,True
um_fild01,1495,40,True
um_fild01,1498,16,True
um_fild01,1499,16,True
um_fild01,1497,16,True
um_fild01,1080,10,True
um_fild01,1081,10,True
um_fild01,1083,5,True
um_fild02,1499,68,True
um_fild02,1495,25,True
um_fild02,1498,17,True
um_fild02,1214,8,True
um_fild02,1078,5,True
um_fild02,1081,5,True
um_fild03,1500,121,True
um_fild03,1495,30,True
um_fild03,1498,20,True
um_fild03,1499,20,True
um_fild03,1079,5,True
um_fild03,1080,10,True
um_fild03,1083,2,True
um_fild04,1261,38,True
um_fild04,1495,19,True
um_fild04,1498,6,True
um_fild04,1499,6,True
um_fild04,1497,12,True
um_fild04,1214,2,True
um_fild04,1078,5,True
um_fild04,1081,5,True
ve_fild01,1783,60,True
ve_fild01,1784,34,True
ve_fild01,1781,34,True
ve_fild01,1780,34,True
ve_fild01,1078,10,True
ve_fild01,1081,10,True
ve_fild01,1079,4,True
ve_fild01,1083,1,True
ve_fild02,1781,177,True
ve_fild02,1780,27,True
ve_fild02,1783,13,True
ve_fild02,1078,10,True
ve_fild02,1081,10,True
ve_fild03,1836,141,True
ve_fild03,1780,38,True
ve_fild03,1781,38,True
ve_fild03,1078,10,True
ve_fild03,1081,10,True
ve_fild04,1780,110,True
ve_fild04,1781,55,True
ve_fild04,1783,22,True
ve_fild04,1081,10,True
ve_fild04,1079,3,True
ve_fild07,1784,128,True
ve_fild07,1781,64,True
ve_fild07,1780,38,True
ve_fild07,1082,10,True
yuno_fild01,1368,75,True
yuno_fild01,1114,52,True
yuno_fild01,1139,52,True
yuno_fild01,1078,15,True
yuno_fild01,1079,2,True
yuno_fild01,1083,3,True
yuno_fild01,1081,23,True
yuno_fild01,1080,20,True
yuno_fild02,1386,185,True
yuno_fild02,1369,50,True
yuno_fild02,1376,50,True
yuno_fild02,1078,10,True
yuno_fild02,1081,10,True
yuno_fild02,1080,10,True
yuno_fild03,1376,174,True
yuno_fild03,1372,46,True
yuno_fild03,1386,46,True
yuno_fild03,1582,1,True
yuno_fild03,1096,1,True
yuno_fild03,1078,15,True
yuno_fild03,1081,15,True
yuno_fild03,1080,15,True
yuno_fild03,1083,1,True
yuno_fild03,1079,4,True
yuno_fild04,1376,133,True
yuno_fild04,1372,36,True
yuno_fild04,1368,36,True
yuno_fild04,1388,1,True
yuno_fild04,1090,1,True
yuno_fild04,1078,10,True
yuno_fild04,1081,10,True
yuno_fild04,1080,10,True
yuno_fild06,1386,117,True
yuno_fild06,1368,29,True
yuno_fild06,1078,10,True
yuno_fild06,1081,10,True
yuno_fild06,1080,10,True
yuno_fild07,1372,90,True
yuno_fild07,1376,50,True
yuno_fild07,1369,30,True
yuno_fild07,1078,10,True
yuno_fild07,1080,10,True
yuno_fild07,1081,10,True
yuno_fild08,1369,157,True
yuno_fild08,1372,36,True
yuno_fild08,1368,36,True
yuno_fild08,1078,10,True
yuno_fild08,1080,10,True
yuno_fild08,1081,10,True
yuno_fild09,1369,182,True
yuno_fild09,1386,42,True
yuno_fild09,1368,42,True
yuno_fild09,1078,10,True
yuno_fild09,1080,10,True
yuno_fild09,1081,10,True
yuno_fild11,1372,139,True
yuno_fild11,1368,55,True
yuno_fild11,1078,10,True
yuno_fild11,1080,10,True
yuno_fild11,1081,10,True
yuno_fild12,1368,68,True
yuno_fild12,1139,34,True
nameless_n,1036,40,True
nameless_n,1866,17,True
nameless_n,1867,16,True
nameless_n,1865,12,True
nameless_n,1864,12,True
nameless_n,1869,3,True
abbey01,1867,96,True
abbey01,1036,57,True
abbey01,1865,34,True
abbey01,1864,30,True
abbey01,1866,25,True
abbey01,1869,21,True
abbey02,1864,210,True
abbey02,1865,70,True
abbey02,1869,21,True
abbey02,1870,7,True
abbey03,1870,60,True
abbey03,1867,30,True
abbey03,1869,25,True
abyss_01,1717,55,True
abyss_01,1216,30,True
abyss_01,1714,30,True
abyss_01,1191,10,True
abyss_01,1699,10,True
abyss_01,1715,9,True
abyss_01,1718,9,True
abyss_01,1721,8,True
abyss_02,1716,60,True
abyss_02,1714,50,True
abyss_02,1721,10,True
abyss_02,1191,10,True
abyss_02,1713,10,True
abyss_02,1699,10,True
abyss_02,1715,5,True
abyss_02,1718,5,True
abyss_03,1713,60,True
abyss_03,1721,10,True
abyss_03,1191,10,True
abyss_03,1716,10,True
abyss_03,1699,10,True
abyss_03,1714,10,True
abyss_03,1717,10,True
abyss_03,1720,3,True
alde_dun01,1194,58,True
alde_dun01,1111,47,True
alde_dun02,1213,50,True
alde_dun02,1211,20,True
alde_dun02,1194,20,True
alde_dun02,1189,20,True
alde_dun03,1216,85,True
alde_dun03,1209,56,True
alde_dun03,1111,55,True
alde_dun04,1102,57,True
alde_dun04,1179,11,True
alde_dun04,1131,11,True
ama_dun01,1404,91,True
ama_dun01,1403,63,True
ama_dun01,1401,2,True
ama_dun02,1402,35,True
ama_dun02,1403,20,True
ama_dun02,1129,10,True
ama_dun02,1404,5,True
ama_dun02,1401,2,True
ama_dun02,1375,1,True
ama_dun03,1401,65,True
ama_dun03,1405,65,True
ama_dun03,1403,29,True
ama_dun03,1375,23,True
ama_dun03,1191,5,True
ama_dun03,1404,1,True
anthell01,1160,50,True
anthell01,1105,40,True
anthell01,1005,20,True
anthell01,1095,15,True
anthell01,1176,10,True
anthell01,1121,1,True
anthell01,1097,87,True
anthell02,1095,50,True
anthell02,1176,30,True
anthell02,1005,20,True
anthell02,1097,15,True
anthell02,1105,15,True
anthell02,1160,15,True
anthell02,1121,3,True
ayo_dun01,1586,104,True
ayo_dun01,1036,48,True
ayo_dun01,1179,16,True
ayo_dun01,1587,8,True
ayo_dun02,1584,116,True
ayo_dun02,1179,23,True
ayo_dun02,1587,23,True
ba_2whs01,20639,30,True
ba_2whs01,20641,90,True
ba_2whs01,20682,70,True
ba_2whs02,20637,80,True
ba_2whs02,20639,80,True
ba_2whs02,20641,20,True
ba_bath,20633,30,True
ba_bath,20634,30,True
ba_bath,20643,70,True
ba_bath,20644,50,True
ba_bath,20645,50,True
ba_bath,20646,70,True
ba_lib,20630,10,True
ba_lib,20680,15,True
ba_lib,20683,80,True
ba_lib,20684,70,True
ba_pw01,20630,15,True
ba_pw01,20680,15,True
ba_pw01,20688,90,True
ba_pw01,20689,80,True
ba_pw01,20690,50,True
ba_pw02,20680,15,True
ba_pw02,20685,60,True
ba_pw02,20686,80,True
ba_pw02,20687,60,True
ba_pw02,20688,60,True
ba_pw03,20691,80,True
ba_pw03,20692,80,True
ba_pw03,20693,70,True
ba_pw03,20694,70,True
beach_dun,1148,60,True
beach_dun,1255,20,True
beach_dun,1256,20,True
beach_dun,1264,3,True
beach_dun2,1278,65,True
beach_dun2,1279,20,True
beach_dun2,1274,15,True
beach_dun2,1068,10,True
beach_dun2,1255,3,True
beach_dun3,1034,50,True
beach_dun3,1064,30,True
beach_dun3,1068,30,True
beach_dun3,1255,1,True
c_tower1,1195,107,True
c_tower1,1199,107,True
c_tower1,1102,1,True
c_tower1,1270,1,True
c_tower2,1269,55,True
c_tower2,1199,55,True
c_tower2,1195,16,True
c_tower2,1191,4,True
c_tower2,1377,2,True
c_tower2,1270,1,True
c_tower3,1193,109,True
c_tower3,1191,9,True
c_tower3,1195,8,True
c_tower3,1270,4,True
c_tower4,1269,35,True
c_tower4,1320,30,True
c_tower4,1193,30,True
c_tower4,1195,15,True
c_tower4,1191,12,True
c_tower4,1179,5,True
c_tower4,1270,3,True
c_tower4,1377,2,True
c_tower2_,2479,4,True
c_tower2_,2478,16,True
c_tower2_,2919,55,True
c_tower2_,2916,55,True
c_tower2_,2918,1,True
c_tower2_,2920,2,True
c_tower2_,2921,1,True
c_tower3_,2479,9,True
c_tower3_,2478,8,True
c_tower3_,2917,109,True
c_tower3_,2918,2,True
c_tower3_,2921,3,True
c_tower3_,2923,3,True
dew_dun01,2152,100,True
dew_dun02,2154,70,True
dew_dun02,2155,40,True
dic_dun01,2083,50,True
dic_dun01,2084,45,True
dic_dun01,2088,15,True
dic_dun01,2089,15,True
dic_dun02,2085,50,True
dic_dun02,2086,45,True
dic_dun02,2090,15,True
dic_dun02,2091,15,True
dic_dun03,2166,10,True
dic_dun03,2167,10,True
dic_dun03,2168,10,True
dic_dun03,2169,10,True
dic_dun03,2161,30,True
dic_dun03,2162,30,True
dic_dun03,2163,40,True
dic_dun03,2164,40,True
ecl_tdun01,2365,15,True
ecl_tdun01,2366,10,True
ecl_tdun01,2367,5,True
ecl_tdun01,2368,5,True
ecl_tdun02,2365,15,True
ecl_tdun02,2366,15,True
ecl_tdun02,2368,5,True
ecl_tdun02,2369,5,True
ecl_tdun03,2366,15,True
ecl_tdun03,2368,5,True
ecl_tdun03,2370,5,True
ecl_tdun03,2371,3,True
ein_dun01,1616,70,True
ein_dun01,1620,30,True
ein_dun01,1619,30,True
ein_dun01,1621,10,True
ein_dun01,1617,1,True
ein_dun01,1618,1,True
ein_dun02,1614,50,True
ein_dun02,1615,40,True
ein_dun02,1617,30,True
ein_dun02,1622,30,True
gef_dun00,1035,30,True
gef_dun00,1077,25,True
gef_dun00,1031,15,True
gef_dun00,1078,12,True
gef_dun00,1081,1,True
gef_dun00,1080,1,True
gef_dun00,1083,1,True
gef_dun00,1084,6,True
gef_dun01,1036,40,True
gef_dun01,1130,40,True
gef_dun01,1061,30,True
gef_dun01,1015,25,True
gef_dun01,1111,20,True
gef_dun01,1079,1,True
gef_dun01,1084,5,True
gef_dun01,1082,10,True
gef_dun02,1109,45,True
gef_dun02,1143,30,True
gef_dun02,1061,20,True
gef_dun02,1179,20,True
gef_dun02,1036,10,True
gef_dun02,1035,10,True
gef_dun02,1082,12,True
gef_dun02,1083,2,True
gef_dun03,1192,14,True
gef_dun03,1263,5,True
gef_dun03,1626,1,True
gef_dun03,1083,5,True
gef_dun03,1082,18,True
gefenia01,1371,63,True
gefenia01,1390,31,True
gefenia01,1292,21,True
gefenia01,1219,10,True
gefenia01,1374,10,True
gefenia01,1370,10,True
gefenia01,1268,1,True
gefenia01,1203,1,True
gefenia01,1205,1,True
gefenia01,1204,1,True
gefenia02,1390,40,True
gefenia02,1292,30,True
gefenia02,1371,30,True
gefenia02,1370,20,True
gefenia02,1219,10,True
gefenia02,1374,10,True
gefenia02,1268,1,True
gefenia02,1204,1,True
gefenia02,1203,1,True
gefenia02,1205,1,True
gefenia03,1371,42,True
gefenia03,1390,42,True
gefenia03,1292,31,True
gefenia03,1374,21,True
gefenia03,1219,10,True
gefenia03,1370,10,True
gefenia03,1268,1,True
gefenia03,1205,1,True
gefenia03,1203,1,True
gefenia03,1204,1,True
gefenia04,1371,30,True
gefenia04,1390,30,True
gefenia04,1292,20,True
gefenia04,1219,10,True
gefenia04,1374,10,True
gefenia04,1370,10,True
gefenia04,1268,1,True
gefenia04,1203,1,True
gefenia04,1205,1,True
gefenia04,1204,1,True
glast_01,1253,10,True
glast_01,1080,16,True
glast_01,1219,2,True
glast_01,1083,1,True
glast_01,1079,2,True
gl_cas01,1267,50,True
gl_cas01,1260,35,True
gl_cas01,1320,35,True
gl_cas01,1195,26,True
gl_cas01,1281,17,True
gl_cas01,1179,17,True
gl_cas01,1295,10,True
gl_cas01,1275,1,True
gl_cas02,1208,41,True
gl_cas02,1163,36,True
gl_cas02,1195,29,True
gl_cas02,1276,20,True
gl_cas02,1117,9,True
gl_cas02,1219,7,True
gl_cas02,1132,6,True
gl_cas02,1283,3,True
gl_cas02,1191,2,True
gl_cas02,1275,1,True
gl_cas02,1185,1,True
gl_cas02,1203,1,True
gl_cas02,1204,1,True
gl_church,1117,85,True
gl_church,1192,78,True
gl_church,1191,12,True
gl_chyard,1198,95,True
gl_chyard,1192,55,True
gl_chyard,1117,15,True
gl_chyard,1191,4,True
gl_chyard,1035,4,True
gl_chyard,1302,1,True
gl_dun01,1194,53,True
gl_dun01,1207,43,True
gl_dun02,1310,52,True
gl_dun02,1253,17,True
gl_in01,1143,25,True
gl_in01,1281,17,True
gl_in01,1260,12,True
gl_in01,1195,10,True
gl_in01,1208,1,True
gl_in01,1275,1,True
gl_knt01,1163,126,True
gl_knt01,1195,29,True
gl_knt01,1276,14,True
gl_knt01,1219,14,True
gl_knt01,1132,14,True
gl_knt01,1275,1,True
gl_knt01,1186,1,True
gl_knt01,1084,12,True
gl_knt02,1163,101,True
gl_knt02,1132,50,True
gl_knt02,1276,38,True
gl_knt02,1219,7,True
gl_knt02,1275,1,True
gl_knt02,1203,1,True
gl_knt02,1268,1,True
gl_prison,1197,38,True
gl_prison,1257,25,True
gl_prison,1201,19,True
gl_prison,1035,12,True
gl_prison1,1257,40,True
gl_prison1,1196,30,True
gl_prison1,1201,10,True
gl_prison1,1202,10,True
gl_prison1,1035,10,True
gl_prison1,1209,5,True
gl_prison1,1200,1,True
gl_sew01,1179,66,True
gl_sew01,1253,49,True
gl_sew01,1194,16,True
gl_sew02,1253,89,True
gl_sew02,1209,24,True
gl_sew03,1207,99,True
gl_sew03,1253,56,True
gl_sew04,1206,126,True
gl_sew04,1253,25,True
gl_sew04,1111,12,True
gl_step,1263,138,True
gl_step,1276,13,True
gl_step,1191,6,True
gl_cas02_,2480,4,True
gl_cas02_,2485,1,True
gl_cas02_,2479,19,True
gl_cas02_,2478,10,True
gl_cas02_,2477,60,True
gl_cas02_,1203,1,True
gl_cas02_,1275,1,True
gl_cas02_,1185,1,True
gl_cas02_,2483,1,True
gl_chyard_,2481,91,True
gl_chyard_,1291,31,True
gl_chyard_,2480,22,True
gl_chyard_,2479,34,True
schg_dun01,1978,20,True
schg_dun01,1979,20,True
schg_dun01,1977,15,True
schg_dun01,1976,15,True
arug_dun01,1974,22,True
arug_dun01,1975,22,True
arug_dun01,1796,22,True
arug_dun01,1870,18,True
arug_dun01,1797,5,True
gld_dun01,1311,30,True
gld_dun01,1306,55,True
gld_dun01,1307,3,True
gld_dun01_2,1290,50,True
gld_dun01_2,1301,15,True
gld_dun01_2,1309,20,True
gld2_pay,1290,60,True
gld2_pay,1301,25,True
gld2_pay,1309,30,True
gld2_pay,2254,1,True
gld_dun02,1303,30,True
gld_dun02,1305,25,True
gld_dun02,1304,15,True
gld_dun02_2,1294,30,True
gld_dun02_2,2133,40,True
gld_dun02_2,1289,3,True
gld2_ald,1294,60,True
gld2_ald,2133,70,True
gld2_ald,1289,3,True
gld2_ald,2252,1,True
gld_dun03,1300,35,True
gld_dun03,1293,35,True
gld_dun03_2,2284,13,True
gld_dun03_2,2285,23,True
gld_dun03_2,2286,23,True
gld_dun03_2,2287,23,True
gld_dun03_2,1296,1,True
gld2_prt,2284,25,True
gld2_prt,2285,35,True
gld2_prt,2286,35,True
gld2_prt,2287,35,True
gld2_prt,2250,1,True
gld_dun04,1292,10,True
gld_dun04,1298,55,True
gld_dun04,1291,25,True
gld_dun04,1120,1,True
gld_dun04_2,2282,15,True
gld_dun04_2,2283,15,True
gld_dun04_2,2281,45,True
gld_dun04_2,1302,1,True
gld2_gef,2282,20,True
gld2_gef,2283,20,True
gld2_gef,2281,80,True
gld2_gef,1302,1,True
gld2_gef,2256,1,True
gld2_pay,2288,5,True
gld2_ald,2288,5,True
gld2_prt,2288,5,True
gld2_gef,2288,5,True
gon_dun01,1408,60,True
gon_dun01,1410,38,True
gon_dun01,1417,33,True
gon_dun01,1081,11,True
gon_dun01,1082,11,True
gon_dun01,1078,5,True
gon_dun02,1410,27,True
gon_dun02,1412,26,True
gon_dun02,1408,26,True
gon_dun02,1415,7,True
gon_dun02,1081,13,True
gon_dun03,1416,67,True
gon_dun03,1412,40,True
gon_dun03,1413,26,True
gon_dun03,1082,13,True
ice_dun01,1776,76,True
ice_dun01,1782,5,True
ice_dun01,1780,5,True
ice_dun01,1778,2,True
ice_dun02,1775,70,True
ice_dun02,1776,30,True
ice_dun02,1789,19,True
ice_dun02,1778,15,True
ice_dun02,1777,7,True
ice_dun03,1777,70,True
ice_dun03,1778,42,True
ice_dun03,1789,32,True
ice_dun03,1775,15,True
in_sphinx1,1111,76,True
in_sphinx1,1164,38,True
in_sphinx1,1178,38,True
in_sphinx1,1146,19,True
in_sphinx2,1164,80,True
in_sphinx2,1178,80,True
in_sphinx2,1146,32,True
in_sphinx2,1111,24,True
in_sphinx3,1140,82,True
in_sphinx3,1146,18,True
in_sphinx3,1191,6,True
in_sphinx3,1154,6,True
in_sphinx4,1149,77,True
in_sphinx4,1154,30,True
in_sphinx4,1098,23,True
in_sphinx4,1191,6,True
in_sphinx5,1154,79,True
in_sphinx5,1037,22,True
in_sphinx5,1146,11,True
in_sphinx5,1098,11,True
in_sphinx5,1191,7,True
iz_dun00,1161,88,True
iz_dun00,1141,61,True
iz_dun00,1066,20,True
iz_dun00,1070,20,True
iz_dun00,1068,20,True
iz_dun00,1084,6,True
iz_dun01,1066,60,True
iz_dun01,1070,50,True
iz_dun01,1068,30,True
iz_dun01,1141,15,True
iz_dun01,1067,15,True
iz_dun01,1161,10,True
iz_dun01,1084,10,True
iz_dun02,1067,60,True
iz_dun02,1144,40,True
iz_dun02,1044,40,True
iz_dun02,1068,40,True
iz_dun02,1264,1,True
iz_dun02,1084,15,True
iz_dun03,1158,45,True
iz_dun03,1045,40,True
iz_dun03,1069,40,True
iz_dun03,1142,20,True
iz_dun03,1264,3,True
iz_dun03,1068,30,True
iz_dun04,1264,61,True
iz_dun04,1065,58,True
iz_dun04,1142,11,True
iz_dun04,1069,11,True
iz_dun04,1108,3,True
iz_dun04,1068,18,True
iz_dun05,2201,50,True
iz_dun05,2204,60,True
iz_dun05,2203,30,True
iz_dun05,2198,25,True
juperos_01,1676,70,True
juperos_01,1677,70,True
juperos_01,1678,70,True
juperos_01,1679,50,True
juperos_01,1670,10,True
juperos_01,1671,5,True
juperos_01,1672,5,True
juperos_01,1673,5,True
juperos_02,1365,70,True
juperos_02,1676,65,True
juperos_02,1677,65,True
juperos_02,1678,65,True
juperos_02,1679,50,True
jupe_core,1670,40,True
jupe_core,1671,40,True
jupe_core,1672,40,True
jupe_core,1673,40,True
jupe_core,1668,40,True
jupe_core,1676,25,True
jupe_core,1677,25,True
jupe_core,1678,25,True
kh_dun01,1737,55,True
kh_dun01,1275,30,True
kh_dun01,1738,9,True
kh_dun01,1745,6,True
kh_dun01,1735,3,True
kh_dun01,1736,3,True
kh_dun02,1735,41,True
kh_dun02,1736,34,True
kh_dun02,1738,20,True
kh_dun02,1737,13,True
kh_dun02,1745,6,True
kh_kiehl01,1745,10,True
kh_kiehl01,1740,7,True
kh_kiehl01,1736,2,True
kh_kiehl01,1739,5,True
kh_kiehl01,1746,4,True
kh_kiehl01,1735,1,True
kh_kiehl01,1737,1,True
lhz_dun01,1682,101,True
lhz_dun01,1627,70,True
lhz_dun01,1613,50,True
lhz_dun01,1656,13,True
lhz_dun01,1655,13,True
lhz_dun01,1657,11,True
lhz_dun01,1653,11,True
lhz_dun01,1654,8,True
lhz_dun01,1652,8,True
lhz_dun01,1681,1,True
lhz_dun02,1657,50,True
lhz_dun02,1653,50,True
lhz_dun02,1656,50,True
lhz_dun02,1655,50,True
lhz_dun02,1652,50,True
lhz_dun02,1654,50,True
lhz_dun02,1682,20,True
lhz_dun02,1681,10,True
lhz_dun02,1635,1,True
lhz_dun03,1638,81,True
lhz_dun03,1639,57,True
lhz_dun03,1637,42,True
lhz_dun03,1636,42,True
lhz_dun03,1635,42,True
lhz_dun03,1634,42,True
lhz_dun03,1641,1,True
lhz_dun03,1645,1,True
lhz_dun03,1640,1,True
lhz_dun03,1644,1,True
lhz_dun03,1642,1,True
lhz_dun03,1643,1,True
lhz_dun04,2221,42,True
lhz_dun04,2222,42,True
lhz_dun04,2223,81,True
lhz_dun04,2224,42,True
lhz_dun04,2225,57,True
lhz_dun04,2226,42,True
lhz_dun04,2227,42,True
lhz_dun04,2228,1,True
lhz_dun04,2229,1,True
lhz_dun04,2230,1,True
lhz_dun04,2231,1,True
lhz_dun04,2232,1,True
lhz_dun04,2233,1,True
lhz_dun04,2234,1,True
lhz_dun_n,3208,20,True
lhz_dun_n,3209,10,True
lhz_dun_n,3210,15,True
lhz_dun_n,3211,20,True
lhz_dun_n,3212,10,True
lhz_dun_n,3213,10,True
lhz_dun_n,3226,10,True
lhz_dun_n,3227,10,True
lhz_dun_n,3228,15,True
lhz_dun_n,3229,15,True
lhz_dun_n,3230,15,True
lhz_dun_n,3231,10,True
lhz_dun_n,3232,10,True
lou_dun01,1517,52,True
lou_dun01,1381,17,True
lou_dun01,1516,17,True
lou_dun01,1129,17,True
lou_dun01,1037,11,True
lou_dun01,1306,1,True
lou_dun01,1084,5,True
lou_dun01,1083,5,True
lou_dun02,1512,56,True
lou_dun02,1026,35,True
lou_dun02,1191,7,True
lou_dun02,1514,7,True
lou_dun03,1514,30,True
lou_dun03,1512,30,True
lou_dun03,1513,18,True
lou_dun03,1631,11,True
ma_dun01,2311,40,True
ma_dun01,2315,30,True
ma_dun01,2314,40,True
mag_dun01,1383,30,True
mag_dun01,1366,20,True
mag_dun01,1367,20,True
mag_dun01,1072,20,True
mag_dun01,1381,10,True
mag_dun02,1379,46,True
mag_dun02,1385,40,True
mag_dun02,1384,38,True
mag_dun02,1367,20,True
mag_dun02,1382,15,True
mag_dun02,1387,10,True
mal_dun01,1073,10,True
mal_dun01,1074,10,True
mal_dun01,1266,20,True
mal_dun01,2197,60,True
mal_dun01,2199,45,True
mal_dun01,2208,1,True
mjo_dun01,1175,63,True
mjo_dun01,1005,31,True
mjo_dun01,1145,21,True
mjo_dun02,1145,71,True
mjo_dun02,1121,41,True
mjo_dun02,1111,23,True
mjo_dun02,1169,23,True
mjo_dun03,1169,78,True
mjo_dun03,1151,39,True
mjo_dun03,1121,5,True
mjo_dun03,1145,5,True
mjo_dun03,1209,3,True
moc_pryd01,1005,72,True
moc_pryd01,1031,28,True
moc_pryd02,1041,31,True
moc_pryd02,1028,31,True
moc_pryd02,1016,31,True
moc_pryd02,1111,20,True
moc_pryd02,1031,20,True
moc_pryd02,1029,5,True
moc_pryd03,1041,70,True
moc_pryd03,1032,20,True
moc_pryd03,1146,10,True
moc_pryd03,1111,5,True
moc_pryd03,1191,5,True
moc_pryd04,1029,62,True
moc_pryd04,1041,31,True
moc_pryd04,1146,24,True
moc_pryd04,1191,18,True
moc_pryd04,1297,3,True
moc_pryd05,1149,78,True
moc_pryd05,1032,65,True
moc_pryd05,1041,13,True
moc_pryd06,1191,35,True
moc_pryd06,1032,35,True
moc_pryd06,1194,23,True
moc_pryd06,1297,23,True
moc_prydn1,2353,78,True
moc_prydn1,2354,13,True
moc_prydn1,2355,65,True
moc_prydn2,2356,35,True
moc_prydn2,2355,35,True
moc_prydn2,2358,23,True
moc_prydn2,2360,23,True
mosk_dun01,1880,74,True
mosk_dun01,1881,37,True
mosk_dun01,1031,22,True
mosk_dun01,1139,11,True
mosk_dun02,1881,47,True
mosk_dun02,1880,35,True
mosk_dun02,1882,23,True
mosk_dun02,1883,5,True
mosk_dun03,1882,68,True
mosk_dun03,1883,39,True
mosk_dun03,1884,17,True
mosk_dun03,1081,11,True
mosk_dun03,1082,11,True
mosk_dun03,1083,5,True
nyd_dun01,2013,40,True
nyd_dun01,2016,20,True
nyd_dun01,2015,10,True
nyd_dun01,2017,2,True
nyd_dun01,2018,2,True
nyd_dun01,2014,10,True
odin_tem01,1693,14,True
odin_tem01,1692,14,True
odin_tem01,1753,7,True
odin_tem01,1752,7,True
odin_tem01,1697,4,True
odin_tem01,1695,4,True
odin_tem01,1696,4,True
odin_tem01,1694,4,True
odin_tem01,1080,7,True
odin_tem01,1081,7,True
odin_tem01,1079,7,True
odin_tem02,1752,40,True
odin_tem02,1753,40,True
odin_tem02,1693,20,True
odin_tem02,1762,4,True
odin_tem02,1761,2,True
odin_tem02,1754,1,True
odin_tem02,1755,1,True
odin_tem02,1079,13,True
odin_tem03,1693,24,True
odin_tem03,1754,19,True
odin_tem03,1755,19,True
odin_tem03,1761,6,True
odin_tem03,1762,6,True
odin_tem03,1752,4,True
odin_tem03,1753,4,True
odin_tem03,1765,2,True
odin_tem03,1079,18,True
odin_tem03,1083,18,True
orcsdun01,1153,80,True
orcsdun01,1005,15,True
orcsdun01,1042,10,True
orcsdun01,1152,10,True
orcsdun01,1111,5,True
orcsdun01,1084,10,True
orcsdun01,1082,5,True
orcsdun02,1152,50,True
orcsdun02,1177,50,True
orcsdun02,1111,20,True
orcsdun02,1042,20,True
orcsdun02,1189,5,True
orcsdun02,1084,5,True
orcsdun02,1082,5,True
pay_dun00,1015,40,True
pay_dun00,1076,35,True
pay_dun00,1005,15,True
pay_dun00,1031,15,True
pay_dun00,1078,15,True
pay_dun00,1084,3,True
pay_dun01,1028,53,True
pay_dun01,1016,32,True
pay_dun01,1116,16,True
pay_dun01,1111,5,True
pay_dun01,1084,7,True
pay_dun01,1078,10,True
pay_dun02,1028,45,True
pay_dun02,1026,40,True
pay_dun02,1188,30,True
pay_dun02,1016,20,True
pay_dun02,1031,10,True
pay_dun02,1180,1,True
pay_dun02,1068,31,True
pay_dun02,1020,3,True
pay_dun02,1084,8,True
pay_dun02,1082,6,True
pay_dun02,1078,8,True
pay_dun03,1170,70,True
pay_dun03,1277,3,True
pay_dun03,1188,3,True
pay_dun03,1026,3,True
pay_dun03,1180,2,True
pay_dun03,1020,10,True
pay_dun03,1068,17,True
pay_dun03,1185,4,True
pay_dun03,1186,1,True
pay_dun03,1078,16,True
pay_dun03,1079,1,True
pay_dun03,1080,1,True
pay_dun03,1081,1,True
pay_dun03,1082,5,True
pay_dun04,1110,40,True
pay_dun04,1180,30,True
pay_dun04,1129,30,True
pay_dun04,1016,15,True
pay_dun04,1277,15,True
pay_dun04,1301,1,True
pay_dun04,1290,1,True
pay_dun04,1307,1,True
pay_dun04,1083,2,True
pay_dun04,1078,10,True
pay_dun04,1082,6,True
pay_d03_i,1185,4,True
prt_maze01,1002,5,True
prt_maze01,1104,5,True
prt_maze01,1174,5,True
prt_maze01,1103,5,True
prt_maze01,1114,5,True
prt_maze01,1128,5,True
prt_maze01,1011,5,True
prt_maze01,1145,5,True
prt_maze01,1013,5,True
prt_maze01,1025,5,True
prt_maze01,1056,5,True
prt_maze01,1063,5,True
prt_maze01,1007,5,True
prt_maze01,1166,8,True
prt_maze01,1008,5,True
prt_maze01,1031,5,True
prt_maze01,1052,5,True
prt_maze01,1060,5,True
prt_maze01,1042,5,True
prt_maze01,1057,4,True
prt_maze01,1099,3,True
prt_maze01,1037,3,True
prt_maze01,1139,3,True
prt_maze01,1035,4,True
prt_maze01,1100,3,True
prt_maze01,1214,2,True
prt_maze01,1018,1,True
prt_maze01,1092,1,True
prt_maze01,1083,2,True
prt_maze01,1082,3,True
prt_maze01,1079,3,True
prt_maze01,1081,2,True
prt_maze01,1078,5,True
prt_maze01,1084,5,True
prt_maze01,1085,5,True
prt_maze02,1031,32,True
prt_maze02,1060,6,True
prt_maze02,1243,1,True
prt_maze02,1306,1,True
prt_maze03,1031,52,True
prt_maze03,1035,30,True
prt_maze03,1139,30,True
prt_maze03,1101,25,True
prt_maze03,1037,30,True
prt_maze03,1215,20,True
prt_maze03,1294,1,True
prt_maze03,1093,1,True
prt_maze03,1090,1,True
prt_maze03,1092,1,True
prt_maze03,1088,1,True
prt_maze03,1120,1,True
prt_maze03,1083,5,True
prt_maze03,1079,5,True
prt_maze03,1081,1,True
prt_maze03,1078,5,True
prt_maze03,1084,6,True
prt_maze03,1085,5,True
prt_prison,3442,20,True
prt_prison,3443,50,True
prt_prison,3444,30,True
prt_q,3452,60,True
prt_q,1036,10,True
prt_q,3451,30,True
prt_q,1035,10,True
prt_q,3490,1,True
prt_sewb1,1051,40,True
prt_sewb1,1048,106,True
prt_sewb1,1175,13,True
prt_sewb1,1005,66,True
prt_sewb2,1051,70,True
prt_sewb2,1175,60,True
prt_sewb2,1161,5,True
prt_sewb2,1048,20,True
prt_sewb2,1014,20,True
prt_sewb2,1053,10,True
prt_sewb2,1005,10,True
prt_sewb3,1053,65,True
prt_sewb3,1054,65,True
prt_sewb3,1051,20,True
prt_sewb3,1005,20,True
prt_sewb3,1175,15,True
prt_sewb3,1077,15,True
prt_sewb3,1048,10,True
prt_sewb4,1054,70,True
prt_sewb4,1051,20,True
prt_sewb4,1053,20,True
prt_sewb4,1111,20,True
prt_sewb4,1048,10,True
prt_sewb4,1209,5,True
ra_san01,1771,82,True
ra_san01,1772,36,True
ra_san01,1632,10,True
ra_san01,1633,6,True
ra_san01,1773,6,True
ra_san02,1772,110,True
ra_san02,1771,38,True
ra_san02,1632,12,True
ra_san02,1633,12,True
ra_san02,1773,3,True
ra_san02,1774,2,True
ra_san03,1773,86,True
ra_san03,1774,57,True
ra_san03,1632,7,True
ra_san03,1633,7,True
ra_san04,1770,62,True
ra_san04,1769,20,True
ra_san04,1774,10,True
ra_san04,1773,10,True
ra_san05,1769,84,True
ra_san05,1770,31,True
ra_san05,1774,21,True
ra_san05,1773,21,True
ra_san05,1772,10,True
rockmi1,1051,10,True
rockmi1,3740,40,True
rockmi1,3747,10,True
rockmi1,3748,20,True
rockmi1,3749,30,True
rockmi2,3742,31,True
harboro2,3787,30,True
harboro2,3788,30,True
harboro2,1627,10,True
harboro2,1084,20,True
harboro2,1051,10,True
harboro2,3743,20,True
sp_rudus,20363,30,True
sp_rudus,20361,30,True
sp_rudus,20365,30,True
sp_rudus2,20356,40,True
sp_rudus2,20358,37,True
sp_rudus2,20359,58,True
sp_rudus2,20362,45,True
sp_rudus3,20362,60,True
sp_rudus3,20360,53,True
sp_rudus3,20364,65,True
sp_rudus3,20366,65,True
teg_dun01,2415,20,True
teg_dun01,2416,15,True
teg_dun01,2417,15,True
teg_dun01,2418,35,True
teg_dun01,2419,30,True
teg_dun01,2420,20,True
teg_dun02,2421,15,True
teg_dun02,2422,15,True
teg_dun02,2423,15,True
teg_dun02,2424,15,True
teg_dun02,2425,15,True
teg_dun02,2426,15,True
teg_dun02,2427,15,True
tha_t01,1195,20,True
tha_t01,1191,20,True
tha_t01,1695,20,True
tha_t01,1275,5,True
tha_t01,1703,4,True
tha_t02,1699,80,True
tha_t02,1191,30,True
tha_t02,1697,20,True
tha_t02,1698,10,True
tha_t02,1195,10,True
tha_t02,1377,10,True
tha_t02,1275,10,True
tha_t02,1702,4,True
tha_t03,1698,80,True
tha_t03,1195,30,True
tha_t03,1696,20,True
tha_t03,1191,10,True
tha_t03,1699,10,True
tha_t03,1377,10,True
tha_t03,1701,4,True
tha_t04,1698,20,True
tha_t04,1195,20,True
tha_t04,1191,20,True
tha_t04,1699,20,True
tha_t04,1377,20,True
tha_t04,1694,20,True
tha_t04,1320,10,True
tha_t04,1295,10,True
tha_t04,1700,4,True
tha_t05,1320,80,True
tha_t05,1698,40,True
tha_t05,1699,40,True
tha_t05,1295,20,True
tha_t05,1377,20,True
tha_t05,1696,10,True
tha_t05,1695,10,True
tha_t05,1697,10,True
tha_t05,1694,10,True
tha_t05,1707,2,True
tha_t06,1698,40,True
tha_t06,1320,40,True
tha_t06,1295,40,True
tha_t06,1699,40,True
tha_t06,1377,20,True
tha_t06,1696,10,True
tha_t06,1695,10,True
tha_t06,1697,10,True
tha_t06,1694,10,True
tha_t06,1706,2,True
tha_t07,1702,15,True
tha_t07,1698,10,True
tha_t07,1699,10,True
tha_t07,1700,7,True
tha_t07,1701,7,True
tha_t07,1703,7,True
tha_t07,1705,2,True
tha_t08,1702,20,True
tha_t08,1698,10,True
tha_t08,1699,10,True
tha_t08,1700,5,True
tha_t08,1701,5,True
tha_t08,1703,5,True
tha_t08,1704,2,True
tha_t09,1703,20,True
tha_t09,1700,5,True
tha_t09,1702,5,True
tha_t09,1701,5,True
tha_t09,1694,5,True
tha_t09,1712,3,True
tha_t09,1707,1,True
tha_t10,1702,20,True
tha_t10,1700,5,True
tha_t10,1701,5,True
tha_t10,1703,5,True
tha_t10,1697,5,True
tha_t10,1711,3,True
tha_t10,1706,1,True
tha_t11,1701,20,True
tha_t11,1700,5,True
tha_t11,1702,5,True
tha_t11,1703,5,True
tha_t11,1695,5,True
tha_t11,1710,3,True
tha_t11,1705,1,True
tha_t12,1700,13,True
tha_t12,1702,5,True
tha_t12,1701,5,True
tha_t12,1703,5,True
tha_t12,1693,5,True
tha_t12,1709,4,True
thor_v01,1833,49,True
thor_v01,1837,27,True
thor_v01,1836,11,True
thor_v01,1831,7,True
thor_v01,1830,10,True
thor_v01,1829,10,True
thor_v01,1839,1,True
thor_v02,1838,55,True
thor_v02,1836,10,True
thor_v02,1837,10,True
thor_v02,1072,10,True
thor_v02,1831,1,True
thor_v02,1830,1,True
thor_v02,1829,1,True
thor_v03,1831,66,True
thor_v03,1833,44,True
thor_v03,1830,16,True
thor_v03,1829,16,True
thor_v03,1839,5,True
treasure01,1071,56,True
treasure01,1070,10,True
treasure01,1068,71,True
treasure02,1071,40,True
treasure02,1070,20,True
treasure02,1179,10,True
treasure02,1191,1,True
treasure02,1143,1,True
treasure02,1068,18,True
treasure02,1120,1,True
treasure_n1,1085,20,True
treasure_n1,1084,20,True
treasure_n1,2404,22,True
treasure_n1,1078,5,True
treasure_n1,1080,5,True
treasure_n1,1081,5,True
treasure_n1,1079,5,True
treasure_n1,1082,5,True
treasure_n1,1015,3,True
treasure_n1,2405,12,True
treasure_n1,1012,15,True
treasure_n1,1014,12,True
treasure_n2,1085,10,True
treasure_n2,1084,10,True
treasure_n2,2406,21,True
treasure_n2,2405,44,True
treasure_n2,1078,5,True
treasure_n2,1080,5,True
treasure_n2,1081,5,True
treasure_n2,1079,5,True
treasure_n2,1082,5,True
treasure_n2,2404,20,True
treasure_n2,1015,8,True
tur_dun01,1321,25,True
tur_dun01,1322,25,True
tur_dun01,1256,15,True
tur_dun01,1034,10,True
tur_dun01,1314,10,True
tur_dun02,1316,41,True
tur_dun02,1314,41,True
tur_dun02,1319,20,True
tur_dun02,1256,15,True
tur_dun03,1319,40,True
tur_dun03,1315,35,True
tur_dun03,1314,15,True
tur_dun03,1318,10,True
tur_dun04,1315,42,True
tur_dun04,1318,33,True
tur_dun04,1319,15,True
tur_dun04,1314,4,True
tur_dun05,1319,7,True
tur_dun05,1314,4,True
tur_dun05,1315,1,True
xmas_dun01,1265,49,True
xmas_dun01,1246,49,True
xmas_dun01,1242,24,True
xmas_dun01,1031,24,True
xmas_dun01,1113,12,True
xmas_dun01,1002,12,True
xmas_dun01,1249,6,True
xmas_dun01,1250,1,True
xmas_dun01,1090,1,True
xmas_dun01,1096,1,True
xmas_dun02,1249,70,True
xmas_dun02,1248,49,True
xmas_dun02,1265,28,True
xmas_dun02,1246,28,True
yggdrasil01,1079,15,True
yggdrasil01,1083,26,True
yggdrasil01,1081,5,True
yggdrasil01,1082,5,True
yggdrasil01,1080,26,True
yggdrasil01,1078,15,True
ama_fild01,1031,15,False
ayo_fild01,1586,3,False
ayo_fild02,1499,20,False
ayo_fild02,1494,30,False
brasilis,2081,18,False
cmd_fild01,1271,60,False
cmd_fild01,1166,30,False
cmd_fild01,1031,30,False
cmd_fild01,1077,20,False
cmd_fild02,1271,10,False
cmd_fild02,1254,32,False
cmd_fild02,1067,15,False
cmd_fild03,1256,30,False
cmd_fild03,1031,10,False
cmd_fild03,1206,90,False
cmd_fild04,1271,40,False
cmd_fild04,1254,20,False
cmd_fild05,1119,45,False
cmd_fild05,1271,20,False
cmd_fild05,1215,5,False
cmd_fild05,1031,10,False
cmd_fild05,1256,5,False
cmd_fild05,1083,1,False
cmd_fild05,1081,6,False
cmd_fild05,1080,5,False
cmd_fild06,1282,27,False
cmd_fild06,1258,47,False
cmd_fild06,1113,20,False
cmd_fild06,1376,1,False
cmd_fild07,1113,20,False
cmd_fild08,1282,79,False
cmd_fild08,1258,28,False
cmd_fild08,1215,25,False
cmd_fild08,1113,10,False
cmd_fild08,1165,15,False
cmd_fild08,1037,20,False
cmd_fild08,1259,1,False
cmd_fild09,1042,20,False
cmd_fild09,1113,20,False
cmd_fild09,1030,60,False
cmd_fild09,1009,20,False
cmd_fild09,1127,3,False
cmd_fild09,1253,2,False
ein_fild01,1378,55,False
ein_fild01,1199,50,False
ein_fild02,1380,45,False
ein_fild02,1378,30,False
ein_fild02,1618,1,False
ein_fild03,1613,30,False
ein_fild03,1368,20,False
ein_fild03,1628,40,False
ein_fild03,1103,10,False
ein_fild03,1128,5,False
ein_fild04,1613,50,False
ein_fild04,1368,80,False
ein_fild04,1628,20,False
ein_fild04,1121,10,False
ein_fild04,1614,5,False
ein_fild05,1614,35,False
ein_fild05,1615,17,False
ein_fild05,1627,30,False
ein_fild05,1368,10,False
ein_fild06,1372,55,False
ein_fild06,1008,10,False
ein_fild06,1376,5,False
ein_fild06,1121,2,False
ein_fild06,1084,5,False
ein_fild07,1002,40,False
ein_fild07,1031,20,False
ein_fild07,1118,20,False
ein_fild07,1368,20,False
ein_fild08,1002,25,False
ein_fild08,1113,25,False
ein_fild08,1031,25,False
ein_fild08,1051,30,False
ein_fild09,1051,20,False
ein_fild09,1048,3,False
ein_fild09,1118,5,False
ein_fild10,1368,5,False
ein_fild10,1619,30,False
ein_fild10,1078,20,False
ein_fild10,1081,20,False
ein_fild10,1079,20,False
ein_fild10,1057,10,False
ein_fild10,1118,20,False
gef_fild00,1008,20,False
gef_fild00,1031,10,False
gef_fild01,1031,20,False
gef_fild02,1057,10,False
gef_fild02,1023,60,False
gef_fild02,1056,10,False
gef_fild02,1214,1,False
gef_fild03,1213,1,False
gef_fild03,1166,40,False
gef_fild03,1031,20,False
gef_fild04,1002,30,False
gef_fild04,1008,60,False
gef_fild04,1012,20,False
gef_fild05,1002,30,False
gef_fild05,1282,10,False
gef_fild05,1261,50,False
gef_fild05,1114,30,False
gef_fild06,1133,20,False
gef_fild06,1134,10,False
gef_fild06,1135,10,False
gef_fild06,1156,50,False
gef_fild06,1031,10,False
gef_fild08,1133,20,False
gef_fild08,1134,40,False
gef_fild08,1135,20,False
gef_fild08,1040,40,False
gef_fild08,1042,20,False
gef_fild08,1077,20,False
gef_fild09,1094,60,False
gef_fild09,1031,10,False
gef_fild09,1077,10,False
gef_fild10,1031,15,False
gef_fild11,1126,20,False
gef_fild11,1258,20,False
gef_fild11,1031,15,False
gef_fild11,1392,10,False
gef_fild11,1084,21,False
gef_fild12,1133,20,False
gef_fild12,1134,30,False
gef_fild12,1135,30,False
gef_fild12,1282,40,False
gef_fild12,1031,20,False
gef_fild12,1296,1,False
gef_fild13,1031,20,False
gef_fild13,1018,40,False
gef_fild13,1094,30,False
gef_fild14,1273,20,False
gef_fild14,1023,10,False
gef_fild14,1189,30,False
gef_fild14,1213,70,False
gon_fild01,1417,20,False
gon_fild01,1031,20,False
gon_fild01,1413,2,False
hu_fild01,1692,5,False
hu_fild01,1697,5,False
hu_fild01,1695,5,False
hu_fild01,1696,5,False
hu_fild01,1694,5,False
hu_fild01,1693,5,False
hu_fild01,1378,30,False
hu_fild02,1627,30,False
hu_fild02,1692,10,False
hu_fild02,1687,20,False
hu_fild02,1378,3,False
hu_fild03,1687,70,False
hu_fild03,1715,30,False
hu_fild03,1031,20,False
hu_fild03,1051,10,False
hu_fild03,1085,10,False
hu_fild03,1084,10,False
hu_fild04,1692,20,False
hu_fild04,1384,10,False
hu_fild04,1385,10,False
hu_fild04,1155,10,False
hu_fild04,1156,60,False
hu_fild04,1627,30,False
hu_fild04,1687,20,False
hu_fild04,1386,7,False
hu_fild04,1080,10,False
hu_fild05,1627,53,False
hu_fild05,1687,60,False
hu_fild05,1262,4,False
hu_fild06,1628,50,False
hu_fild06,1103,20,False
hu_fild06,1002,10,False
hu_fild06,1031,10,False
hu_fild06,1613,10,False
hu_fild07,1692,10,False
hu_fild07,1384,10,False
hu_fild07,1385,10,False
hu_fild07,1155,60,False
hu_fild07,1156,20,False
hu_fild07,1715,10,False
hu_fild07,1718,10,False
hu_fild07,1627,30,False
hu_fild07,1687,10,False
hu_fild07,1368,20,False
hu_fild07,1378,10,False
hu_fild07,1081,20,False
lhz_fild01,1628,30,False
lhz_fild01,1103,20,False
lhz_fild02,1103,30,False
lhz_fild02,1128,10,False
lhz_fild02,1628,10,False
lhz_fild02,1627,10,False
lhz_fild03,1103,20,False
lhz_fild03,1128,10,False
lhz_fild03,1627,20,False
lhz_fild03,1680,10,False
lou_fild01,1060,15,False
lou_fild01,1103,21,False
lou_fild01,1030,5,False
lou_fild01,1084,5,False
mjolnir_01,1128,20,False
mjolnir_01,1104,70,False
mjolnir_02,1004,30,False
mjolnir_02,1018,20,False
mjolnir_02,1155,50,False
mjolnir_02,1118,30,False
mjolnir_03,1018,10,False
mjolnir_03,1156,70,False
mjolnir_03,1031,10,False
mjolnir_03,1118,10,False
mjolnir_03,1100,20,False
mjolnir_04,1004,70,False
mjolnir_04,1031,10,False
mjolnir_04,1118,30,False
mjolnir_04,1099,20,False
mjolnir_05,1031,10,False
mjolnir_05,1118,20,False
mjolnir_05,1100,20,False
mjolnir_06,1174,70,False
mjolnir_06,1128,20,False
mjolnir_06,1104,20,False
mjolnir_06,1031,20,False
mjolnir_06,1103,30,False
mjolnir_07,1077,60,False
mjolnir_07,1094,30,False
mjolnir_07,1104,20,False
mjolnir_07,1128,20,False
mjolnir_07,1031,20,False
mjolnir_07,1004,20,False
mjolnir_08,1139,60,False
mjolnir_08,1099,30,False
mjolnir_08,1100,20,False
mjolnir_08,1031,20,False
mjolnir_08,1002,10,False
mjolnir_09,1104,10,False
mjolnir_09,1174,20,False
mjolnir_09,1128,70,False
mjolnir_09,1031,20,False
mjolnir_09,1013,30,False
mjolnir_10,1139,20,False
mjolnir_10,1031,20,False
mjolnir_10,1155,10,False
mjolnir_11,1020,50,False
mjolnir_11,1031,10,False
mjolnir_11,1054,30,False
mjolnir_12,1215,20,False
mjolnir_12,1053,20,False
moc_fild01,1107,70,False
moc_fild01,1097,20,False
moc_fild01,1049,10,False
moc_fild01,1113,30,False
moc_fild01,1002,10,False
moc_fild02,1097,10,False
moc_fild02,1049,10,False
moc_fild02,1113,30,False
moc_fild03,1033,70,False
moc_fild03,1277,30,False
moc_fild03,1031,20,False
moc_fild03,1116,10,False
moc_fild03,1010,20,False
moc_fild03,1092,1,False
moc_fild11,1127,10,False
moc_fild11,1040,70,False
moc_fild11,1095,10,False
moc_fild11,1105,10,False
moc_fild11,1160,10,False
moc_fild11,1097,10,False
moc_fild11,1138,20,False
moc_fild11,1055,20,False
moc_fild11,1083,1,False
moc_fild13,1106,30,False
moc_fild13,1030,75,False
moc_fild13,1025,30,False
moc_fild13,1037,5,False
moc_fild13,1031,20,False
moc_fild13,1113,10,False
moc_fild16,1138,25,False
moc_fild16,1095,10,False
moc_fild16,1105,20,False
moc_fild16,1097,10,False
moc_fild17,1042,30,False
moc_fild17,1138,15,False
moc_fild17,1097,10,False
moc_fild17,1001,5,False
moc_fild18,1042,70,False
moc_fild18,1011,40,False
moc_fild18,1055,80,False
moc_fild18,1058,10,False
moc_fild18,1097,5,False
moc_fild18,1035,1,False
moc_fild20,1097,10,False
moc_fild20,1095,20,False
moc_fild20,1105,20,False
moc_fild20,1160,20,False
moc_fild20,1058,20,False
moc_fild20,1113,30,False
moc_fild20,1001,70,False
moc_fild20,1050,50,False
moc_fild20,1049,50,False
moc_fild21,1040,61,False
moc_fild21,1278,46,False
moc_fild21,1366,46,False
mosk_fild02,1060,40,False
mosk_fild02,1103,20,False
mosk_fild02,1002,10,False
pay_fild01,1031,10,False
pay_fild01,1014,100,False
pay_fild01,1084,15,False
pay_fild02,1013,70,False
pay_fild02,1031,20,False
pay_fild03,1063,50,False
pay_fild05,1321,5,False
pay_fild05,1031,20,False
pay_fild05,1077,65,False
pay_fild05,1080,8,False
pay_fild06,1031,20,False
pay_fild06,1053,40,False
pay_fild07,1033,70,False
pay_fild07,1116,40,False
pay_fild07,1031,20,False
pay_fild07,1010,20,False
pay_fild08,1002,30,False
pay_fild08,1010,50,False
pay_fild08,1008,20,False
pay_fild09,1031,20,False
pay_fild09,1056,80,False
pay_fild09,1060,70,False
pay_fild10,1110,70,False
pay_fild10,1077,20,False
pay_fild10,1180,4,False
pay_fild11,1277,30,False
pay_fild11,1180,60,False
pay_fild11,1321,50,False
pay_fild11,1085,6,False
prt_fild00,1018,10,False
prt_fild00,1007,20,False
prt_fild00,1008,30,False
prt_fild00,1063,30,False
prt_fild00,1002,40,False
prt_fild00,1004,70,False
prt_fild01,1051,30,False
prt_fild01,1008,10,False
prt_fild02,1020,70,False
prt_fild02,1007,50,False
prt_fild02,1008,20,False
prt_fild02,1063,10,False
prt_fild02,1002,30,False
prt_fild03,1056,40,False
prt_fild04,1052,70,False
prt_fild04,1018,40,False
prt_fild04,1008,10,False
prt_fild04,1002,30,False
prt_fild05,1002,70,False
prt_fild05,1063,30,False
prt_fild05,1008,30,False
prt_fild06,1048,20,False
prt_fild06,1051,10,False
prt_fild06,1008,20,False
prt_fild07,1031,30,False
prt_fild08,1113,10,False
prt_fild09,1167,70,False
prt_fild09,1107,20,False
prt_fild09,1047,20,False
prt_fild09,1049,20,False
prt_fild09,1009,10,False
prt_fild10,1166,70,False
prt_fild10,1167,40,False
prt_fild10,1051,10,False
ra_fild01,1780,60,False
ra_fild01,1368,30,False
ra_fild01,1781,20,False
ra_fild01,1783,5,False
ra_fild01,1259,3,False
ra_fild02,1780,60,False
ra_fild02,1781,20,False
ra_fild02,1783,15,False
ra_fild03,1783,35,False
ra_fild03,1781,10,False
ra_fild03,1784,10,False
ra_fild04,1784,20,False
ra_fild04,1261,10,False
ra_fild04,1783,3,False
ra_fild05,1680,70,False
ra_fild05,1781,20,False
ra_fild05,1368,10,False
ra_fild06,1680,50,False
ra_fild06,1781,10,False
ra_fild07,1782,50,False
ra_fild07,1783,20,False
ra_fild07,1784,10,False
ra_fild08,1784,100,False
ra_fild08,1113,40,False
ra_fild08,1781,20,False
ra_fild09,1781,60,False
ra_fild09,1613,20,False
ra_fild09,1680,10,False
ra_fild09,1376,1,False
ra_fild10,1784,30,False
ra_fild10,1783,20,False
ra_fild10,1782,10,False
ra_fild11,1113,100,False
ra_fild11,1784,40,False
ra_fild11,1782,2,False
ra_fild11,1081,15,False
ra_fild11,1078,5,False
ra_fild12,1113,100,False
ra_fild12,1784,40,False
ra_fild12,1031,5,False
ra_fild13,1784,60,False
ra_fild13,1113,40,False
ra_fild13,1782,5,False
spl_fild01,1995,50,False
um_fild01,1215,15,False
um_fild01,1376,2,False
um_fild01,1114,10,False
um_fild02,1104,10,False
um_fild02,1494,30,False
um_fild02,1114,20,False
um_fild02,1118,3,False
um_fild03,1321,20,False
um_fild03,1271,10,False
um_fild03,1259,1,False
um_fild04,1494,50,False
um_fild04,1128,21,False
ve_fild01,1113,10,False
ve_fild01,1055,70,False
ve_fild01,1037,10,False
ve_fild02,1784,20,False
ve_fild02,1166,60,False
ve_fild02,1782,20,False
ve_fild02,1037,5,False
ve_fild03,1784,10,False
ve_fild03,1165,45,False
ve_fild03,1386,5,False
ve_fild04,1784,20,False
ve_fild04,1106,60,False
ve_fild04,1782,20,False
ve_fild05,1782,15,False
ve_fild05,1783,5,False
ve_fild05,1781,10,False
ve_fild05,1165,30,False
ve_fild05,1386,55,False
ve_fild05,1082,5,False
ve_fild05,1083,1,False
ve_fild06,1784,3,False
ve_fild06,1083,1,False
ve_fild07,1266,10,False
ve_fild07,1074,10,False
ve_fild07,1254,35,False
ve_fild07,1037,70,False
yuno_fild01,1002,20,False
yuno_fild01,1031,20,False
yuno_fild01,1369,3,False
yuno_fild02,1494,40,False
yuno_fild02,1128,40,False
yuno_fild02,1114,20,False
yuno_fild02,1035,10,False
yuno_fild02,1261,5,False
yuno_fild02,1715,2,False
yuno_fild02,1718,2,False
yuno_fild03,1031,50,False
yuno_fild03,1113,40,False
yuno_fild03,1002,30,False
yuno_fild03,1242,20,False
yuno_fild03,1368,15,False
yuno_fild03,1037,1,False
yuno_fild04,1002,60,False
yuno_fild04,1113,40,False
yuno_fild04,1009,20,False
yuno_fild04,1008,10,False
yuno_fild05,1162,70,False
yuno_fild05,1114,30,False
yuno_fild05,1128,30,False
yuno_fild05,1494,10,False
yuno_fild05,1388,1,False
yuno_fild05,1078,10,False
yuno_fild05,1080,10,False
yuno_fild05,1081,10,False
yuno_fild05,1079,4,False
yuno_fild06,1372,40,False
yuno_fild06,1378,20,False
yuno_fild07,1368,20,False
yuno_fild07,1380,10,False
yuno_fild08,1261,5,False
yuno_fild08,1114,20,False
yuno_fild09,1494,40,False
yuno_fild09,1128,40,False
yuno_fild09,1174,20,False
yuno_fild09,1114,20,False
yuno_fild09,1035,10,False
yuno_fild09,1261,5,False
yuno_fild10,1494,40,False
yuno_fild10,1174,20,False
yuno_fild10,1114,20,False
yuno_fild10,1368,20,False
yuno_fild10,1035,10,False
yuno_fild11,1386,43,False
yuno_fild11,1378,10,False
yuno_fild12,1114,30,False
yuno_fild12,1378,20,False
yuno_fild12,1031,15,False
alde_dun04,1205,1,False
alde_dun04,1203,1,False
alde_dun04,1204,1,False
anthell01,1289,1,False
c_tower4,1205,1,False
gef_dun01,1204,1,False
gef_dun03,1291,2,False
gl_cas01,1204,1,False
gl_church,1036,50,False
gl_church,1302,1,False
gl_chyard,1036,35,False
gl_chyard,1015,20,False
gld_dun01,1290,10,False
gld_dun01,1301,20,False
gld_dun01,1309,10,False
gld_dun01,1092,1,False
gld_dun02,1295,3,False
gld_dun02,1294,5,False
gld_dun03,1289,3,False
gld_dun03,1311,10,False
gld_dun03,1306,20,False
gld_dun04,1302,1,False
odin_tem02,1765,1,False
treasure01,1179,15,False
treasure01,1077,12,False
treasure02,1208,1,False
treasure02,1216,38,False
tur_dun04,1208,7,False
um_dun01,1495,70,False
um_dun01,1499,10,False
um_dun01,1498,10,False
um_dun01,1081,5,False
um_dun01,1080,5,False
um_dun02,1497,82,False
um_dun02,1380,5,False
um_dun02,1498,20,False
um_dun02,1493,25,False
um_dun02,1081,5,False
um_dun02,1078,5,False
um_dun02,1083,6,False
xmas_dun02,1515,1,False
