mapa_origem,x_origem,y_origem,mapa_destino,x_destino,y_destino,arquivo
alberta,15,234,pay_fild03,388,63,alberta.txt
alberta,117,38,alberta_in,180,30,alberta.txt
alberta,170,170,alb_ship,26,168,alberta.txt
alberta,178,165,alb_ship,39,163,alberta.txt
alberta,209,173,alb_ship,162,171,alberta.txt
alberta,33,42,alberta_in,74,44,alberta.txt
alberta,65,233,alberta_in,18,141,alberta.txt
alberta,93,205,alberta_in,114,134,alberta.txt
alberta,98,153,alberta_in,185,89,alberta.txt
alberta,99,221,alberta_in,122,161,alberta.txt
alb_ship,26,166,alberta,170,168,alberta.txt
alb_ship,41,163,alberta,180,165,alberta.txt
alb_ship,160,171,alberta,207,173,alberta.txt
alb_ship,37,174,alb_ship,70,99,alberta.txt
alb_ship,68,99,alb_ship,35,173,alberta.txt
alberta_in,189,89,alberta,102,153,alberta.txt
alberta_in,114,130,alberta,93,201,alberta.txt
alberta_in,14,141,alberta,61,233,alberta.txt
alberta_in,180,34,alberta,117,42,alberta.txt
alberta_in,78,44,alberta,37,41,alberta.txt
alberta_in,125,161,alberta,102,222,alberta.txt
alberta_in,114,183,alberta_in,148,186,alberta.txt
alberta_in,152,186,alberta_in,118,183,alberta.txt
alberta_in,114,49,alberta_in,155,153,alberta.txt
alberta_in,159,153,alberta_in,117,49,alberta.txt
alberta_in,114,97,alberta_in,155,175,alberta.txt
alberta_in,159,175,alberta_in,117,97,alberta.txt
alberta_in,22,113,alberta_in,22,134,alberta.txt
alberta_in,22,130,alberta_in,22,109,alberta.txt
alberta_in,22,153,alberta_in,22,174,alberta.txt
alberta_in,22,170,alberta_in,22,149,alberta.txt
alberta_in,24,33,alberta_in,64,35,alberta.txt
alberta_in,64,31,alberta_in,24,29,alberta.txt
alberta_in,24,54,alberta_in,64,53,alberta.txt
alberta_in,64,57,alberta_in,24,58,alberta.txt
alberta_in,66,113,alberta_in,66,132,alberta.txt
alberta_in,66,130,alberta_in,66,111,alberta.txt
alberta_in,66,153,alberta_in,66,173,alberta.txt
alberta_in,66,170,alberta_in,66,149,alberta.txt
alb2trea,88,111,treasure01,69,24,alberta.txt
aldebaran,118,63,aldeba_in,211,117,aldebaran.txt
aldebaran,139,34,mjolnir_12,199,375,aldebaran.txt
aldebaran,197,70,aldeba_in,94,41,aldebaran.txt
aldebaran,233,105,aldeba_in,157,190,aldebaran.txt
aldebaran,51,218,aldeba_in,24,227,aldebaran.txt
aldebaran,61,229,aldeba_in,148,227,aldebaran.txt
aldebaran,72,197,aldeba_in,27,37,aldebaran.txt
aldebaran,89,234,aldeba_in,242,237,aldebaran.txt
aldeba_in,103,157,aldeba_in,137,237,aldebaran.txt
aldeba_in,103,61,aldeba_in,97,105,aldebaran.txt
aldeba_in,134,237,aldeba_in,100,157,aldebaran.txt
aldeba_in,144,92,aldeba_in,149,52,aldebaran.txt
aldeba_in,148,224,aldebaran,63,227,aldebaran.txt
aldeba_in,149,55,aldeba_in,144,95,aldebaran.txt
aldeba_in,157,193,aldebaran,231,107,aldebaran.txt
aldeba_in,208,117,aldebaran,116,63,aldebaran.txt
aldeba_in,217,131,aldeba_in,217,163,aldebaran.txt
aldeba_in,217,160,aldeba_in,217,128,aldebaran.txt
aldeba_in,217,71,aldeba_in,218,107,aldebaran.txt
aldeba_in,218,104,aldeba_in,218,68,aldebaran.txt
aldeba_in,24,224,aldebaran,53,216,aldebaran.txt
aldeba_in,245,237,aldebaran,91,234,aldebaran.txt
aldeba_in,27,102,aldeba_in,27,68,aldebaran.txt
aldeba_in,27,34,aldebaran,72,195,aldebaran.txt
aldeba_in,27,71,aldeba_in,27,105,aldebaran.txt
aldeba_in,37,238,aldeba_in,67,157,aldebaran.txt
aldeba_in,64,157,aldeba_in,34,238,aldebaran.txt
aldeba_in,83,191,aldeba_in,83,227,aldebaran.txt
aldeba_in,83,224,aldeba_in,83,188,aldebaran.txt
aldeba_in,94,38,aldebaran,197,68,aldebaran.txt
aldeba_in,97,102,aldeba_in,103,58,aldebaran.txt
aldebaran,225,54,aldeba_in,149,120,aldebaran.txt
aldeba_in,149,123,aldebaran,223,56,aldebaran.txt
turbo_room,100,62,alde_gld,183,198,aldebaran.txt
amatsu,177,138,ama_in01,28,176,amatsu.txt
ama_in01,31,176,amatsu,180,138,amatsu.txt
amatsu,248,160,ama_in01,79,178,amatsu.txt
ama_in01,76,178,amatsu,245,160,amatsu.txt
amatsu,168,182,ama_in01,34,99,amatsu.txt
ama_in01,34,96,amatsu,168,179,amatsu.txt
amatsu,52,148,ama_in01,88,97,amatsu.txt
ama_in01,88,94,amatsu,52,145,amatsu.txt
amatsu,94,117,ama_in01,30,24,amatsu.txt
ama_in01,33,24,amatsu,97,117,amatsu.txt
amatsu,132,117,ama_in01,89,23,amatsu.txt
ama_in01,86,23,amatsu,129,117,amatsu.txt
amatsu,217,116,ama_in01,162,25,amatsu.txt
ama_in01,157,25,amatsu,214,116,amatsu.txt
ama_in01,166,73,ama_in01,162,31,amatsu.txt
ama_in01,162,34,ama_in01,166,77,amatsu.txt
amatsu,85,235,ama_in02,223,45,amatsu.txt
ama_in02,226,45,amatsu,88,235,amatsu.txt
ama_in02,65,37,ama_in02,195,41,amatsu.txt
ama_in02,195,44,ama_in02,65,40,amatsu.txt
ama_in02,59,141,ama_in02,56,41,amatsu.txt
ama_in02,56,44,ama_in02,59,144,amatsu.txt
ama_in02,215,149,ama_in02,59,156,amatsu.txt
ama_in02,59,160,ama_in02,215,152,amatsu.txt
ama_in02,126,164,ama_in02,219,161,amatsu.txt
ama_in02,222,161,ama_in02,129,164,amatsu.txt
ayothaya,130,97,ayo_in01,43,183,ayothaya.txt
ayo_in01,46,183,ayothaya,132,99,ayothaya.txt
ayothaya,129,86,ayo_in01,21,178,ayothaya.txt
ayo_in01,23,176,ayothaya,132,86,ayothaya.txt
ayothaya,130,75,ayo_in01,17,156,ayothaya.txt
ayo_in01,17,153,ayothaya,132,73,ayothaya.txt
ayothaya,165,90,ayo_in01,77,174,ayothaya.txt
ayo_in01,73,174,ayothaya,162,90,ayothaya.txt
ayothaya,177,90,ayo_in01,95,175,ayothaya.txt
ayo_in01,98,175,ayothaya,180,90,ayothaya.txt
ayothaya,173,77,ayo_in01,85,152,ayothaya.txt
ayo_in01,85,149,ayothaya,173,74,ayothaya.txt
ayothaya,229,69,ayo_in01,137,192,ayothaya.txt
ayo_in01,137,195,ayothaya,229,72,ayothaya.txt
ayothaya,202,161,ayo_in01,31,108,ayothaya.txt
ayo_in01,31,111,ayothaya,202,164,ayothaya.txt
ayothaya,211,150,ayo_in01,47,94,ayothaya.txt
ayo_in01,50,94,ayothaya,214,150,ayothaya.txt
ayothaya,202,140,ayo_in01,31,81,ayothaya.txt
ayo_in01,31,78,ayothaya,202,137,ayothaya.txt
ayothaya,192,150,ayo_in01,13,94,ayothaya.txt
ayo_in01,10,94,ayothaya,189,150,ayothaya.txt
ayo_in01,13,107,ayo_in01,132,27,ayothaya.txt
ayo_in01,135,27,ayo_in01,17,107,ayothaya.txt
ayo_in01,48,107,ayo_in01,179,27,ayothaya.txt
ayo_in01,176,27,ayo_in01,45,107,ayothaya.txt
ayo_in01,13,82,ayo_in01,18,14,ayothaya.txt
ayo_in01,21,14,ayo_in01,17,82,ayothaya.txt
ayo_in01,48,82,ayo_in01,63,14,ayothaya.txt
ayo_in01,60,14,ayo_in01,45,82,ayothaya.txt
ayothaya,111,109,ayo_in01,180,129,ayothaya.txt
ayo_in01,177,129,ayothaya,111,106,ayothaya.txt
ayothaya,62,104,ayo_in01,191,183,ayothaya.txt
ayo_in01,194,183,ayothaya,65,104,ayothaya.txt
ayothaya,208,283,ayo_in02,100,152,ayothaya.txt
ayo_in02,100,148,ayothaya,208,280,ayothaya.txt
ayothaya,276,176,ayo_fild01,37,241,ayothaya.txt
ayo_fild01,32,240,ayothaya,273,176,ayothaya.txt
brasilis,146,162,bra_in01,17,137,brasilis.txt
bra_in01,17,134,brasilis,148,161,brasilis.txt
bra_in01,50,145,bra_in01,81,143,brasilis.txt
bra_in01,79,142,bra_in01,47,144,brasilis.txt
bra_in01,50,171,bra_in01,82,168,brasilis.txt
bra_in01,79,169,bra_in01,46,170,brasilis.txt
bra_in01,138,174,bra_in01,12,183,brasilis.txt
bra_in01,206,98,bra_in01,138,176,brasilis.txt
brasilis,274,153,bra_in01,38,9,brasilis.txt
bra_in01,39,7,brasilis,273,151,brasilis.txt
bra_in01,52,27,bra_in01,85,26,brasilis.txt
bra_in01,83,27,bra_in01,50,27,brasilis.txt
bra_in01,9,67,bra_in01,154,22,brasilis.txt
bra_in01,156,23,bra_in01,11,65,brasilis.txt
bra_in01,52,67,bra_in01,87,66,brasilis.txt
bra_in01,85,67,bra_in01,50,66,brasilis.txt
bra_in01,31,29,bra_in01,23,70,brasilis.txt
bra_in01,25,70,bra_in01,32,26,brasilis.txt
bra_in01,31,74,bra_in01,148,59,brasilis.txt
bra_in01,148,57,bra_in01,31,72,brasilis.txt
comodo,92,128,cmd_in01,85,174,comodo.txt
cmd_in01,90,174,comodo,97,128,comodo.txt
comodo,265,74,cmd_in01,123,180,comodo.txt
cmd_in01,123,186,comodo,265,79,comodo.txt
comodo,271,271,cmd_in01,113,125,comodo.txt
cmd_in01,109,125,comodo,269,273,comodo.txt
comodo,192,294,cmd_in01,177,123,comodo.txt
cmd_in01,183,123,comodo,195,294,comodo.txt
comodo,145,328,cmd_in01,120,71,comodo.txt
cmd_in01,120,67,comodo,145,324,comodo.txt
comodo,236,298,cmd_in01,179,81,comodo.txt
cmd_in01,183,81,comodo,239,296,comodo.txt
comodo,130,195,cmd_in02,143,173,comodo.txt
cmd_in02,139,169,comodo,127,191,comodo.txt
cmd_in02,208,206,cmd_in02,97,211,comodo.txt
cmd_in02,98,216,cmd_in02,207,210,comodo.txt
comodo,115,291,cmd_in02,67,132,comodo.txt
cmd_in02,69,129,comodo,115,288,comodo.txt
comodo,140,111,cmd_in02,178,132,comodo.txt
cmd_in02,178,136,comodo,140,115,comodo.txt
comodo,153,97,cmd_in02,212,97,comodo.txt
cmd_in02,216,97,comodo,157,97,comodo.txt
comodo,126,98,cmd_in02,144,97,comodo.txt
cmd_in02,139,97,comodo,122,98,comodo.txt
comodo,140,90,cmd_in02,74,25,comodo.txt
cmd_in02,74,21,comodo,140,86,comodo.txt
cmd_in02,168,113,cmd_in02,63,73,comodo.txt
cmd_in02,58,74,cmd_in02,166,116,comodo.txt
cmd_in02,187,78,cmd_in02,84,37,comodo.txt
cmd_in02,90,37,cmd_in02,191,77,comodo.txt
einbech,177,136,ein_in01,190,35,einbech.txt
ein_in01,190,38,einbech,177,133,einbech.txt
einbech,207,135,ein_in01,190,99,einbech.txt
ein_in01,187,99,einbech,204,135,einbech.txt
einbech,214,121,ein_in01,205,86,einbech.txt
ein_in01,205,83,einbech,214,118,einbech.txt
einbech,154,106,ein_in01,285,89,einbech.txt
ein_in01,288,89,einbech,157,106,einbech.txt
einbech,145,112,ein_in01,268,104,einbech.txt
ein_in01,265,104,einbech,141,112,einbech.txt
einbech,256,109,ein_in01,148,153,einbech.txt
ein_in01,144,153,einbech,253,109,einbech.txt
einbroch,132,79,ein_in01,17,213,einbroch.txt
ein_in01,13,213,einbroch,129,79,einbroch.txt
ein_in01,81,198,einbroch,179,70,einbroch.txt
einbroch,179,73,ein_in01,81,203,einbroch.txt
einbroch,214,263,einbroch,233,315,einbroch.txt
einbroch,233,312,einbroch,214,260,einbroch.txt
einbroch,250,263,einbroch,269,315,einbroch.txt
einbroch,269,312,einbroch,250,260,einbroch.txt
einbroch,216,214,ein_in01,108,17,einbroch.txt
ein_in01,108,13,einbroch,216,211,einbroch.txt
einbroch,257,199,ein_in01,198,224,einbroch.txt
ein_in01,195,224,einbroch,254,199,einbroch.txt
ein_in01,211,216,ein_in01,274,218,einbroch.txt
ein_in01,271,218,ein_in01,208,216,einbroch.txt
ein_in01,211,232,ein_in01,274,232,einbroch.txt
ein_in01,271,232,ein_in01,208,232,einbroch.txt
ein_in01,264,246,ein_in01,231,276,einbroch.txt
ein_in01,231,273,ein_in01,264,243,einbroch.txt
ein_in01,274,203,ein_in01,274,173,einbroch.txt
ein_in01,274,176,ein_in01,274,206,einbroch.txt
ein_in01,264,203,ein_in01,232,173,einbroch.txt
ein_in01,232,176,ein_in01,264,206,einbroch.txt
ein_in01,284,224,ein_in01,177,277,einbroch.txt
ein_in01,180,277,ein_in01,280,224,einbroch.txt
einbroch,278,233,ein_in01,107,95,einbroch.txt
ein_in01,103,95,einbroch,275,233,einbroch.txt
ein_in01,126,88,ein_in01,100,139,einbroch.txt
ein_in01,100,142,ein_in01,123,85,einbroch.txt
einbroch,290,222,ein_in01,121,80,einbroch.txt
ein_in01,121,77,einbroch,290,219,einbroch.txt
einbroch,129,229,ein_in01,14,147,einbroch.txt
ein_in01,11,147,einbroch,126,229,einbroch.txt
ein_in01,286,25,einbroch,54,52,einbroch.txt
einbroch,255,107,ein_in01,14,17,einbroch.txt
ein_in01,14,14,einbroch,255,110,einbroch.txt
ein_in01,39,36,ein_in01,35,83,einbroch.txt
ein_in01,39,85,ein_in01,36,36,einbroch.txt
einbroch,157,331,ein_fild04,184,31,einbroch.txt
ein_fild04,184,26,einbroch,157,327,einbroch.txt
einbroch,150,25,ein_fild08,164,377,einbroch.txt
ein_fild08,164,380,einbroch,150,28,einbroch.txt
geffen,119,213,gef_fild04,187,42,geffen.txt
geffen,120,114,gef_tower,52,177,geffen.txt
geffen,217,119,gef_fild00,46,199,geffen.txt
geffen,26,119,gef_fild07,336,187,geffen.txt
geffen,138,138,geffen_in,28,110,geffen.txt
geffen,172,174,geffen_in,70,52,geffen.txt
geffen,182,59,geffen_in,106,177,geffen.txt
geffen,43,85,geffen_in,70,138,geffen.txt
geffen,61,180,geffen_in,162,97,geffen.txt
geffen,98,141,geffen_in,28,160,geffen.txt
geffen_in,28,156,geffen,101,138,geffen.txt
geffen_in,100,67,geffen_in,84,65,geffen.txt
geffen_in,87,66,geffen_in,103,67,geffen.txt
geffen_in,104,109,geffen_in,76,107,geffen.txt
geffen_in,79,107,geffen_in,107,109,geffen.txt
geffen_in,113,163,geffen_in,139,169,geffen.txt
geffen_in,136,169,geffen_in,110,163,geffen.txt
geffen_in,114,37,geffen_in,114,63,geffen.txt
geffen_in,114,60,geffen_in,114,34,geffen.txt
geffen_in,138,149,geffen_in,138,165,geffen.txt
geffen_in,138,162,geffen_in,138,146,geffen.txt
geffen_in,26,60,geffen_in,26,34,geffen.txt
geffen_in,26,37,geffen_in,26,63,geffen.txt
geffen_in,52,65,geffen_in,38,67,geffen.txt
geffen_in,41,67,geffen_in,55,65,geffen.txt
geffen_in,70,149,geffen_in,70,161,geffen.txt
geffen_in,70,158,geffen_in,70,146,geffen.txt
geffen_in,70,83,geffen_in,72,101,geffen.txt
geffen_in,72,98,geffen_in,70,80,geffen.txt
geffen_in,163,94,geffen,65,176,geffen.txt
geffen_in,70,132,geffen,46,88,geffen.txt
geffen_in,106,181,geffen,179,59,geffen.txt
geffen_in,28,106,geffen,136,136,geffen.txt
geffen_in,70,48,geffen,168,170,geffen.txt
gonryun,221,162,gon_in,112,98,gonryun.txt
gon_in,109,98,gonryun,218,162,gonryun.txt
gonryun,195,93,gon_in,95,23,gonryun.txt
gon_in,95,26,gonryun,195,96,gonryun.txt
gonryun,107,184,gon_in,72,70,gonryun.txt
gon_in,72,67,gonryun,107,181,gonryun.txt
gonryun,215,114,gon_in,152,24,gonryun.txt
gon_in,149,24,gonryun,212,114,gonryun.txt
gon_in,184,36,gon_in,189,107,gonryun.txt
gon_in,186,107,gon_in,181,36,gonryun.txt
gon_in,184,11,gon_in,189,85,gonryun.txt
gon_in,186,85,gon_in,181,11,gonryun.txt
gonryun,109,131,gon_in,44,24,gonryun.txt
gon_in,47,24,gonryun,112,131,gonryun.txt
gon_in,42,35,gon_in,34,97,gonryun.txt
gon_in,31,97,gon_in,39,35,gonryun.txt
gonryun,161,8,gon_fild01,191,261,gonryun.txt
gon_fild01,192,265,gonryun,161,11,gonryun.txt
hu_fild06,200,372,hugel,95,37,hugel.txt
hugel,95,33,hu_fild06,200,367,hugel.txt
hugel,155,114,hu_in01,211,177,hugel.txt
hu_in01,211,173,hugel,159,114,hugel.txt
hu_in01,162,228,hu_in01,199,219,hugel.txt
hu_in01,195,219,hu_in01,159,228,hugel.txt
hu_in01,162,168,hu_in01,200,192,hugel.txt
hu_in01,195,192,hu_in01,158,168,hugel.txt
hugel,153,153,hu_in01,287,231,hugel.txt
hu_in01,287,227,hugel,153,149,hugel.txt
hu_in01,263,252,hu_in01,360,253,hugel.txt
hu_in01,365,253,hu_in01,268,252,hugel.txt
hugel,92,167,hu_in01,246,363,hugel.txt
hu_in01,246,359,hugel,92,163,hugel.txt
hu_in01,244,315,hu_in01,243,388,hugel.txt
hu_in01,248,388,hu_in01,250,315,hugel.txt
hu_in01,229,313,hu_in01,164,315,hugel.txt
hu_in01,168,315,hu_in01,234,313,hugel.txt
hu_in01,168,307,hu_in01,167,376,hugel.txt
hu_in01,168,379,hu_in01,168,311,hugel.txt
hugel,85,181,hu_in01,231,303,hugel.txt
hu_in01,231,301,hugel,83,181,hugel.txt
hugel,70,157,hu_in01,110,373,hugel.txt
hu_in01,110,369,hugel,73,155,hugel.txt
hu_in01,108,390,hu_in01,107,322,hugel.txt
hu_in01,114,322,hu_in01,113,389,hugel.txt
hugel,91,104,hu_in01,30,304,hugel.txt
hu_in01,30,299,hugel,95,103,hugel.txt
hu_in01,34,318,hu_in01,34,251,hugel.txt
hu_in01,34,246,hu_in01,34,313,hugel.txt
hugel,104,79,hu_in01,235,107,hugel.txt
hu_in01,231,107,hugel,101,77,hugel.txt
hu_in01,268,123,hu_in01,265,36,hugel.txt
hu_in01,265,42,hu_in01,262,123,hugel.txt
hu_in01,37,90,hugel,52,95,hugel.txt
hu_in01,15,70,hu_in01,15,25,hugel.txt
hu_in01,15,29,hu_in01,15,74,hugel.txt
hu_in01,15,151,hu_in01,15,104,hugel.txt
hugel,206,228,hu_in01,381,368,hugel.txt
hu_in01,381,363,hugel,209,224,hugel.txt
hu_in01,380,319,hu_in01,382,388,hugel.txt
hu_in01,388,388,hu_in01,385,319,hugel.txt
hu_in01,177,90,hugel,52,95,hugel.txt
hu_in01,107,90,hugel,52,95,hugel.txt
hu_in01,85,108,hu_in01,85,155,hugel.txt
hu_in01,85,151,hu_in01,85,104,hugel.txt
hu_in01,85,70,hu_in01,85,25,hugel.txt
hu_in01,85,29,hu_in01,85,74,hugel.txt
hugel,129,66,hu_in01,350,107,hugel.txt
hu_in01,345,107,hugel,126,64,hugel.txt
hu_in01,381,118,hu_in01,379,173,hugel.txt
hu_in01,379,178,hu_in01,376,118,hugel.txt
hugel,153,216,hu_in01,305,379,hugel.txt
hu_in01,301,379,hugel,147,216,hugel.txt
hu_in01,314,386,hu_in01,312,322,hugel.txt
hu_in01,307,322,hu_in01,310,386,hugel.txt
hugel,80,230,hu_in01,24,363,hugel.txt
hu_in01,24,361,hugel,82,230,hugel.txt
hugel,55,208,que_bingo,49,9,hugel.txt
que_bingo,49,7,hugel,57,207,hugel.txt
que_bingo,39,34,que_bingo,34,109,hugel.txt
que_bingo,34,105,que_bingo,38,28,hugel.txt
que_bingo,53,34,que_bingo,49,71,hugel.txt
que_bingo,48,66,que_bingo,53,29,hugel.txt
lighthalzen,101,248,lhz_in01,111,126,lighthalzen.txt
lhz_in01,111,121,lighthalzen,101,243,lighthalzen.txt
lighthalzen,106,248,lhz_in01,116,126,lighthalzen.txt
lhz_in01,116,121,lighthalzen,106,243,lighthalzen.txt
lhz_in01,88,215,lhz_in01,106,18,lighthalzen.txt
lhz_in01,106,15,lhz_in01,88,211,lighthalzen.txt
lhz_in01,140,215,lhz_in01,158,18,lighthalzen.txt
lhz_in01,158,15,lhz_in01,140,211,lighthalzen.txt
lhz_in01,149,179,lhz_in01,15,24,lighthalzen.txt
lhz_in01,11,24,lhz_in01,145,178,lighthalzen.txt
lhz_in01,76,254,lhz_in01,100,52,lighthalzen.txt
lhz_in01,98,55,lhz_in01,76,250,lighthalzen.txt
lhz_in01,188,254,lhz_in01,191,52,lighthalzen.txt
lhz_in01,194,55,lhz_in01,188,250,lighthalzen.txt
lhz_in01,231,226,lhz_in01,257,226,lighthalzen.txt
lhz_in01,251,226,lhz_in01,225,226,lighthalzen.txt
lhz_in01,40,224,lhz_in01,19,129,lighthalzen.txt
lhz_in01,15,129,lhz_in01,34,224,lighthalzen.txt
lhz_in01,43,144,lhz_in01,278,161,lighthalzen.txt
lhz_in01,278,157,lhz_in01,43,139,lighthalzen.txt
lhz_in01,58,129,lhz_in01,196,127,lighthalzen.txt
lhz_in01,191,127,lhz_in01,53,129,lighthalzen.txt
lighthalzen,198,257,lhz_in02,39,28,lighthalzen.txt
lhz_in02,44,28,lighthalzen,203,257,lighthalzen.txt
lighthalzen,236,276,lhz_in02,133,199,lighthalzen.txt
lhz_in02,129,199,lighthalzen,232,275,lighthalzen.txt
lighthalzen,238,220,lhz_in02,28,270,lighthalzen.txt
lhz_in02,27,265,lighthalzen,238,217,lighthalzen.txt
lhz_in02,13,284,lhz_in02,89,285,lighthalzen.txt
lhz_in02,95,285,lhz_in02,18,284,lighthalzen.txt
lhz_in02,114,272,lhz_in02,153,282,lighthalzen.txt
lhz_in02,149,282,lhz_in02,109,272,lighthalzen.txt
lighthalzen,93,110,lhz_in02,104,26,lighthalzen.txt
lhz_in02,108,26,lighthalzen,96,110,lighthalzen.txt
lighthalzen,197,36,lhz_in02,284,30,lighthalzen.txt
lhz_in02,288,30,lighthalzen,194,35,lighthalzen.txt
lighthalzen,196,46,lhz_in02,282,83,lighthalzen.txt
lhz_in02,282,79,lighthalzen,194,48,lighthalzen.txt
lhz_in02,265,14,lhz_in02,269,82,lighthalzen.txt
lhz_in02,274,82,lhz_in02,270,14,lighthalzen.txt
lighthalzen,159,133,lhz_in02,232,265,lighthalzen.txt
lhz_in02,232,261,lighthalzen,158,129,lighthalzen.txt
lhz_in02,210,284,lhz_in02,241,219,lighthalzen.txt
lhz_in02,236,219,lhz_in02,206,284,lighthalzen.txt
lhz_in02,250,278,lhz_in02,265,278,lighthalzen.txt
lhz_in02,261,278,lhz_in02,246,278,lighthalzen.txt
lhz_in02,254,212,lhz_in02,273,212,lighthalzen.txt
lhz_in02,269,212,lhz_in02,250,212,lighthalzen.txt
lhz_in02,238,169,lhz_in02,238,150,lighthalzen.txt
lhz_in02,238,154,lhz_in02,238,173,lighthalzen.txt
lhz_in02,231,182,lhz_in02,212,182,lighthalzen.txt
lhz_in02,216,182,lhz_in02,235,182,lighthalzen.txt
lhz_in02,231,200,lhz_in02,212,200,lighthalzen.txt
lhz_in02,216,200,lhz_in02,235,200,lighthalzen.txt
lighthalzen,198,163,lhz_in02,21,195,lighthalzen.txt
lhz_in02,21,191,lighthalzen,202,160,lighthalzen.txt
lhz_in02,39,204,lhz_in02,41,136,lighthalzen.txt
lhz_in02,36,136,lhz_in02,34,204,lighthalzen.txt
lhz_in02,13,155,lhz_in02,84,223,lighthalzen.txt
lhz_in02,79,223,lhz_in02,17,155,lighthalzen.txt
lhz_in02,49,154,lhz_in02,98,155,lighthalzen.txt
lhz_in02,103,155,lhz_in02,44,154,lighthalzen.txt
lhz_in02,94,212,lhz_in02,94,144,lighthalzen.txt
lhz_in02,89,144,lhz_in02,89,212,lighthalzen.txt
lighthalzen,324,301,lhz_in03,241,100,lighthalzen.txt
lhz_in03,237,100,lighthalzen,322,296,lighthalzen.txt
lhz_in03,257,83,lhz_in03,255,14,lighthalzen.txt
lhz_in03,250,14,lhz_in03,252,83,lighthalzen.txt
lighthalzen,347,261,lhz_in03,14,218,lighthalzen.txt
lhz_in03,10,216,lighthalzen,341,261,lighthalzen.txt
lighthalzen,345,231,lhz_in03,188,15,lighthalzen.txt
lhz_in03,188,11,lighthalzen,344,227,lighthalzen.txt
lhz_in03,191,35,lhz_in03,191,103,lighthalzen.txt
lhz_in03,190,100,lhz_in03,190,31,lighthalzen.txt
lighthalzen,340,240,lhz_in03,180,86,lighthalzen.txt
lhz_in03,180,90,lighthalzen,339,245,lighthalzen.txt
lighthalzen,50,86,lhz_in03,45,31,lighthalzen.txt
lhz_in03,50,31,lighthalzen,55,86,lighthalzen.txt
lhz_in03,13,31,lhz_in03,15,99,lighthalzen.txt
lhz_in03,20,99,lhz_in03,17,31,lighthalzen.txt
lighthalzen,251,299,lhz_in03,97,21,lighthalzen.txt
lhz_in03,93,21,lighthalzen,247,299,lighthalzen.txt
lhz_in03,134,14,lhz_in03,125,90,lighthalzen.txt
lhz_in03,120,90,lhz_in03,130,14,lighthalzen.txt
louyang,218,19,lou_fild01,233,353,louyang.txt
lou_fild01,233,356,louyang,218,22,louyang.txt
louyang,218,255,lou_in01,101,122,louyang.txt
lou_in01,101,119,louyang,218,252,louyang.txt
lou_in01,153,141,lou_in01,122,141,louyang.txt
lou_in01,125,141,lou_in01,156,141,louyang.txt
louyang,280,167,lou_in02,58,173,louyang.txt
lou_in02,58,170,louyang,280,164,louyang.txt
lou_in02,35,190,lou_in02,41,138,louyang.txt
lou_in02,44,138,lou_in02,37,190,louyang.txt
lou_in02,80,190,lou_in02,73,140,louyang.txt
lou_in02,71,140,lou_in02,77,190,louyang.txt
louyang,145,174,lou_in02,126,168,louyang.txt
lou_in02,126,165,louyang,145,171,louyang.txt
louyang,136,97,lou_in02,247,171,louyang.txt
lou_in02,249,173,louyang,136,99,louyang.txt
louyang,263,93,lou_in02,245,59,louyang.txt
lou_in02,242,59,louyang,260,93,louyang.txt
louyang,309,80,lou_in02,189,77,louyang.txt
lou_in02,189,74,louyang,309,77,louyang.txt
lou_in02,201,94,lou_in02,173,46,louyang.txt
lou_in02,176,46,lou_in02,203,94,louyang.txt
louyang,130,63,lou_in02,72,31,louyang.txt
lou_in02,72,28,louyang,130,60,louyang.txt
louyang,317,176,lou_in02,121,31,louyang.txt
lou_in02,121,28,louyang,317,173,louyang.txt
louyang,133,245,lou_in01,25,19,louyang.txt
lou_in01,28,19,louyang,136,245,louyang.txt
lou_in01,14,18,louyang,90,254,louyang.txt
xmas,149,41,xmas_fild01,80,248,lutie.txt
xmas,120,131,xmas_in,43,33,lutie.txt
xmas_in,46,33,xmas,123,131,lutie.txt
xmas,174,131,xmas_in,155,32,lutie.txt
xmas_in,153,32,xmas,172,131,lutie.txt
xmas,119,162,xmas_in,36,91,lutie.txt
xmas_in,38,89,xmas,122,159,lutie.txt
xmas,189,278,xmas_in,168,164,lutie.txt
xmas_in,168,160,xmas,189,275,lutie.txt
xmas,173,160,xmas_in,165,95,lutie.txt
xmas_in,163,93,xmas,172,158,lutie.txt
xmas,181,169,xmas_in,177,107,lutie.txt
xmas_in,179,109,xmas,184,168,lutie.txt
xmas,142,239,xmas_in,94,85,lutie.txt
xmas_in,94,83,xmas,142,237,lutie.txt
xmas,149,239,xmas_in,104,85,lutie.txt
xmas_in,104,83,xmas,149,237,lutie.txt
xmas,142,258,xmas_in,94,115,lutie.txt
xmas_in,94,117,xmas,142,260,lutie.txt
xmas,149,258,xmas_in,104,115,lutie.txt
xmas_in,104,117,xmas,149,260,lutie.txt
xmas,104,289,xmas_in,30,163,lutie.txt
xmas_in,30,161,xmas,104,286,lutie.txt
manuk,311,142,man_in01,277,41,manuk.txt
man_in01,275,41,manuk,309,142,manuk.txt
manuk,310,201,man_in01,358,121,manuk.txt
man_in01,358,119,manuk,310,199,manuk.txt
manuk,255,110,man_in01,7,61,manuk.txt
man_in01,5,61,manuk,253,110,manuk.txt
man_in01,318,17,man_in01,388,16,manuk.txt
man_in01,390,16,man_in01,316,17,manuk.txt
man_in01,328,141,man_in01,324,220,manuk.txt
man_in01,324,222,man_in01,328,139,manuk.txt
man_in01,11,19,man_in01,182,32,manuk.txt
man_in01,182,34,man_in01,11,21,manuk.txt
manuk,257,228,man_in01,130,267,manuk.txt
man_in01,130,265,manuk,258,226,manuk.txt
manuk,265,237,man_in01,180,267,manuk.txt
man_in01,180,265,manuk,267,235,manuk.txt
manuk,276,247,man_in01,230,267,manuk.txt
man_in01,230,265,manuk,276,245,manuk.txt
manuk,288,249,man_in01,280,267,manuk.txt
man_in01,280,265,manuk,289,247,manuk.txt
manuk,302,243,man_in01,330,267,manuk.txt
man_in01,330,265,manuk,300,241,manuk.txt
manuk,311,234,man_in01,380,267,manuk.txt
man_in01,380,265,manuk,309,232,manuk.txt
manuk,253,195,man_in01,24,284,manuk.txt
man_in01,26,284,manuk,255,195,manuk.txt
manuk,235,124,man_in01,70,171,manuk.txt
man_in01,70,169,manuk,235,122,manuk.txt
manuk,279,115,man_in01,123,224,manuk.txt
man_in01,123,226,manuk,278,117,manuk.txt
man_in01,5,275,man_in01,7,221,manuk.txt
man_in01,7,219,man_in01,7,276,manuk.txt
man_in01,22,275,man_in01,76,279,manuk.txt
man_in01,74,279,man_in01,20,275,manuk.txt
man_in01,61,190,man_in01,63,238,manuk.txt
man_in01,61,238,man_in01,61,188,manuk.txt
man_in01,61,173,man_in01,20,173,manuk.txt
man_in01,20,175,man_in01,61,175,manuk.txt
mid_camp,205,211,mid_campin,229,123,mid_camp.txt
mid_campin,232,123,mid_camp,208,211,mid_camp.txt
mid_camp,196,204,mid_campin,220,109,mid_camp.txt
mid_campin,223,109,mid_camp,198,205,mid_camp.txt
mid_camp,214,249,mid_campin,89,102,mid_camp.txt
mid_campin,89,99,mid_camp,215,247,mid_camp.txt
mid_campin,66,114,mid_campin,22,80,mid_camp.txt
mid_campin,25,80,mid_campin,70,114,mid_camp.txt
mid_campin,66,120,mid_campin,22,124,mid_camp.txt
mid_campin,25,124,mid_campin,70,120,mid_camp.txt
mid_campin,68,128,mid_campin,22,168,mid_camp.txt
mid_campin,25,168,mid_campin,71,128,mid_camp.txt
mid_campin,86,141,mid_campin,66,181,mid_camp.txt
mid_campin,65,178,mid_campin,86,138,mid_camp.txt
mid_campin,94,141,mid_campin,117,181,mid_camp.txt
mid_campin,117,178,mid_campin,94,138,mid_camp.txt
mid_campin,111,128,mid_campin,165,170,mid_camp.txt
mid_campin,162,170,mid_campin,108,128,mid_camp.txt
mid_campin,162,126,mid_campin,110,120,mid_camp.txt
mid_campin,113,114,mid_campin,165,82,mid_camp.txt
mid_campin,162,82,mid_campin,110,114,mid_camp.txt
mid_camp,266,260,mid_campin,284,124,mid_camp.txt
mid_campin,282,124,mid_camp,263,260,mid_camp.txt
mid_camp,163,231,mid_campin,376,133,mid_camp.txt
mid_campin,376,136,mid_camp,163,234,mid_camp.txt
morocc,160,17,moc_fild12,159,378,morroc.txt
morocc,160,297,moc_fild07,198,25,morroc.txt
morocc,197,66,morocc_in,83,92,morroc.txt
morocc,27,294,moc_ruins,156,42,morroc.txt
morocc,24,164,moc_fild19,164,107,morroc.txt
morocc,253,56,morocc_in,134,74,morroc.txt
morocc,274,269,morocc_in,138,136,morroc.txt
morocc,283,170,morocc_in,108,176,morroc.txt
morocc,299,207,moc_fild20,36,177,morroc.txt
morocc,46,46,morocc_in,68,72,morroc.txt
morocc,52,259,morocc_in,180,65,morroc.txt
morocc,85,55,morocc_in,44,149,morroc.txt
morocc,98,68,morocc_in,44,175,morroc.txt
morocc_in,105,95,morocc_in,90,95,morroc.txt
morocc_in,106,123,morocc_in,90,123,morroc.txt
morocc_in,108,179,morocc,283,173,morroc.txt
morocc_in,134,77,morocc,251,59,morroc.txt
morocc_in,136,136,morocc,271,269,morroc.txt
morocc_in,144,109,morocc_in,144,125,morroc.txt
morocc_in,144,122,morocc_in,144,106,morroc.txt
morocc_in,144,151,morocc_in,144,169,morroc.txt
morocc_in,144,166,morocc_in,144,148,morroc.txt
morocc_in,149,129,morocc_in,169,129,morroc.txt
morocc_in,166,130,morocc_in,146,130,morroc.txt
morocc_in,171,37,morocc_in,171,52,morroc.txt
morocc_in,171,50,morocc_in,171,35,morroc.txt
morocc_in,174,109,morocc_in,174,125,morroc.txt
morocc_in,174,122,morocc_in,174,106,morroc.txt
morocc_in,174,151,morocc_in,174,169,morroc.txt
morocc_in,174,166,morocc_in,174,148,morroc.txt
morocc_in,183,65,morocc,55,259,morroc.txt
morocc_in,23,161,morocc_in,37,161,morroc.txt
morocc_in,34,161,morocc_in,20,161,morroc.txt
morocc_in,44,146,morocc,82,52,morroc.txt
morocc_in,44,178,morocc,100,70,morroc.txt
morocc_in,55,123,morocc_in,71,123,morroc.txt
morocc_in,55,95,morocc_in,71,95,morroc.txt
morocc_in,57,161,morocc_in,73,161,morroc.txt
morocc_in,68,123,morocc_in,52,123,morroc.txt
morocc_in,68,42,morocc_in,68,65,morroc.txt
morocc_in,68,62,morocc_in,68,38,morroc.txt
morocc_in,68,75,morocc,49,49,morroc.txt
morocc_in,68,95,morocc_in,52,95,morroc.txt
morocc_in,70,161,morocc_in,54,161,morroc.txt
morocc_in,83,90,morocc,199,64,morroc.txt
morocc_in,86,101,morocc_in,86,120,morroc.txt
morocc_in,86,117,morocc_in,86,98,morroc.txt
morocc_in,93,123,morocc_in,109,123,morroc.txt
morocc_in,93,95,morocc_in,109,95,morroc.txt
moc_ruins,159,39,morocc,30,290,morroc.txt
moc_ruins,54,161,moc_pryd01,192,9,morroc.txt
moc_ruins,71,16,moc_fild19,71,167,morroc.txt
moscovia,256,138,mosk_in,96,61,moscovia.txt
mosk_in,93,61,moscovia,255,140,moscovia.txt
mosk_in,99,126,mosk_in,21,116,moscovia.txt
mosk_in,21,113,mosk_in,99,123,moscovia.txt
moscovia,185,188,mosk_in,15,179,moscovia.txt
mosk_in,12,179,moscovia,186,191,moscovia.txt
moscovia,203,171,mosk_in,86,180,moscovia.txt
mosk_in,89,180,moscovia,204,169,moscovia.txt
moscovia,223,174,mosk_in,14,246,moscovia.txt
mosk_in,11,246,moscovia,222,176,moscovia.txt
moscovia,229,208,mosk_in,142,178,moscovia.txt
mosk_in,142,175,moscovia,227,207,moscovia.txt
mosk_in,150,192,mosk_in,204,188,moscovia.txt
mosk_in,202,188,mosk_in,148,192,moscovia.txt
moscovia,256,179,mosk_in,211,114,moscovia.txt
mosk_in,211,111,moscovia,253,179,moscovia.txt
mosk_in,222,128,mosk_in,288,118,moscovia.txt
mosk_in,288,116,mosk_in,222,126,moscovia.txt
moscovia,205,98,mosk_in,214,255,moscovia.txt
mosk_in,214,252,moscovia,203,96,moscovia.txt
mosk_in,220,273,mosk_in,152,275,moscovia.txt
mosk_in,152,272,mosk_in,220,270,moscovia.txt
nameless_n,157,184,abbey01,51,12,nameless.txt
nameless_i,252,130,nameless_in,26,128,nameless.txt
nameless_in,23,128,nameless_i,249,130,nameless.txt
nameless_i,79,256,nameless_in,12,172,nameless.txt
nameless_in,12,169,nameless_i,82,256,nameless.txt
nameless_i,78,94,nameless_in,96,180,nameless.txt
nameless_in,96,177,nameless_i,81,96,nameless.txt
nif_fild01,345,323,nif_fild02,23,312,niflheim.txt
nif_fild02,21,312,nif_fild01,343,322,niflheim.txt
nif_fild02,379,235,niflheim,20,153,niflheim.txt
niflheim,18,151,nif_fild02,376,235,niflheim.txt
niflheim,220,169,nif_in,14,88,niflheim.txt
nif_in,11,88,niflheim,218,170,niflheim.txt
niflheim,219,199,nif_in,136,14,niflheim.txt
nif_in,134,12,niflheim,218,197,niflheim.txt
niflheim,190,241,nif_in,81,77,niflheim.txt
nif_in,78,74,niflheim,187,241,niflheim.txt
niflheim,189,211,nif_in,20,14,niflheim.txt
nif_in,23,12,niflheim,189,207,niflheim.txt
nif_in,34,34,nif_in,88,31,niflheim.txt
nif_in,88,29,nif_in,34,31,niflheim.txt
niflheim,255,194,nif_in,20,156,niflheim.txt
nif_in,18,154,niflheim,254,192,niflheim.txt
nif_in,65,168,nif_in,141,174,niflheim.txt
nif_in,140,171,nif_in,65,165,niflheim.txt
niflheim,165,162,nif_in,156,80,niflheim.txt
nif_in,169,82,nif_in,189,105,niflheim.txt
nif_in,186,105,nif_in,167,82,niflheim.txt
nif_in,154,78,niflheim,167,161,niflheim.txt
payon,122,27,pay_fild01,333,356,payon.txt
pay_fild01,333,360,payon,122,31,payon.txt
payon,267,89,pay_fild08,20,74,payon.txt
payon,228,330,pay_arche,81,22,payon.txt
pay_arche,81,18,payon,228,326,payon.txt
payon,223,117,payon_in01,175,11,payon.txt
payon_in01,172,11,payon,219,117,payon.txt
payon_in01,180,43,payon_in01,181,73,payon.txt
payon_in01,181,70,payon_in01,180,40,payon.txt
payon_in01,193,92,payon_in01,143,61,payon.txt
payon_in01,146,61,payon_in01,193,89,payon.txt
payon_in01,133,42,payon_in01,133,18,payon.txt
payon_in01,133,21,payon_in01,133,45,payon.txt
payon,140,85,payon_in01,14,51,payon.txt
payon_in01,17,51,payon,143,85,payon.txt
payon_in01,10,59,payon_in01,10,83,payon.txt
payon_in01,10,80,payon_in01,10,56,payon.txt
payon_in01,10,38,payon_in01,10,14,payon.txt
payon_in01,10,17,payon_in01,10,41,payon.txt
payon,135,158,payon_in01,20,129,payon.txt
payon_in01,23,129,payon,138,158,payon.txt
payon,130,169,payon_in01,13,136,payon.txt
payon_in01,13,139,payon,130,172,payon.txt
payon,151,127,payon_in01,56,53,payon.txt
payon_in01,56,50,payon,151,124,payon.txt
payon,155,248,payon_in03,98,117,payon.txt
payon_in03,98,114,payon,155,245,payon.txt
payon_in03,90,124,payon_in03,80,124,payon.txt
payon_in03,83,124,payon_in03,93,124,payon.txt
payon_in03,99,133,payon_in03,99,151,payon.txt
payon_in03,99,148,payon_in03,99,130,payon.txt
payon_in03,107,124,payon_in03,117,124,payon.txt
payon_in03,114,124,payon_in03,104,124,payon.txt
payon,189,233,payon_in03,149,39,payon.txt
payon_in03,146,39,payon,186,233,payon.txt
payon_in03,158,32,payon_in03,130,14,payon.txt
payon_in03,130,17,payon_in03,158,35,payon.txt
payon_in03,172,32,payon_in03,160,14,payon.txt
payon_in03,160,17,payon_in03,172,35,payon.txt
payon_in03,186,32,payon_in03,190,13,payon.txt
payon_in03,190,17,payon_in03,186,35,payon.txt
payon,256,285,payon_in01,45,11,payon.txt
payon_in01,42,11,payon,253,285,payon.txt
pay_arche,36,131,pay_dun00,21,183,payon.txt
pay_arche,71,156,payon_in02,82,41,payon.txt
pay_arche,92,170,payon_in02,50,7,payon.txt
pay_arche,145,165,payon_in02,64,60,payon.txt
payon_in02,10,25,payon_in02,72,67,payon.txt
payon_in02,35,67,payon_in02,55,67,payon.txt
payon_in02,50,4,pay_arche,92,166,payon.txt
payon_in02,52,67,payon_in02,32,67,payon.txt
payon_in02,61,33,payon_in02,73,33,payon.txt
payon_in02,64,56,pay_arche,141,161,payon.txt
payon_in02,70,33,payon_in02,58,33,payon.txt
payon_in02,75,67,payon_in02,13,25,payon.txt
payon_in02,82,45,pay_arche,74,153,payon.txt
payon,127,204,payon_in03,81,19,payon.txt
payon_in03,85,19,payon,131,204,payon.txt
payon_in03,74,18,payon_in03,62,18,payon.txt
payon_in03,67,18,payon_in03,78,18,payon.txt
payon_in03,46,18,payon_in03,35,18,payon.txt
payon_in03,39,18,payon_in03,51,18,payon.txt
payon_in03,28,18,payon_in03,17,18,payon.txt
payon_in03,21,18,payon_in03,32,18,payon.txt
payon,155,327,payon_in03,165,143,payon.txt
payon_in03,165,140,payon,155,324,payon.txt
payon_in03,185,178,payon_in03,185,149,payon.txt
payon_in03,185,153,payon_in03,185,182,payon.txt
payon,107,327,payon_in03,19,64,payon.txt
payon_in03,19,60,payon,107,323,payon.txt
payon_in03,19,73,payon_in03,19,90,payon.txt
payon_in03,19,86,payon_in03,19,69,payon.txt
payon_in03,19,103,payon_in03,19,122,payon.txt
payon_in03,19,118,payon_in03,19,99,payon.txt
payon_in03,11,131,payon_in03,11,146,payon.txt
payon_in03,11,142,payon_in03,11,127,payon.txt
payon_in03,27,131,payon_in03,27,146,payon.txt
payon_in03,27,142,payon_in03,27,127,payon.txt
payon_in03,11,161,payon_in03,11,176,payon.txt
payon_in03,11,172,payon_in03,11,157,payon.txt
payon_in03,27,161,payon_in03,27,176,payon.txt
payon_in03,27,172,payon_in03,27,157,payon.txt
payon_in01,86,9,payon,266,152,payon.txt
payon,270,152,payon_in01,90,9,payon.txt
payon_in01,107,71,payon_in01,96,37,payon.txt
payon_in01,93,37,payon_in01,104,71,payon.txt
prontera,107,215,prt_in,240,139,prontera.txt
prontera,120,267,prt_in,180,97,prontera.txt
prontera,133,183,prt_in,50,105,prontera.txt
prontera,134,221,prt_in,131,71,prontera.txt
prontera,156,22,prt_fild08,170,375,prontera.txt
prontera,177,221,prt_in,168,128,prontera.txt
prontera,179,184,prt_in,60,73,prontera.txt
prontera,192,267,prt_in,178,55,prontera.txt
prontera,204,192,prt_in,68,134,prontera.txt
prontera,208,154,prt_in,172,29,prontera.txt
prontera,22,203,prt_fild05,367,205,prontera.txt
prontera,237,317,prt_church,100,60,prontera.txt
prontera,289,203,prt_fild06,27,193,prontera.txt
prontera,42,67,prt_in,44,29,prontera.txt
prontera,45,346,prt_in,80,110,prontera.txt
prontera,73,100,prt_in,208,176,prontera.txt
prontera,74,90,prt_in,248,170,prontera.txt
prontera,84,89,prt_in,282,176,prontera.txt
prontera,263,279,prt_in,227,18,prontera.txt
prt_in,135,71,prontera,136,219,prontera.txt
prt_in,168,124,prontera,174,218,prontera.txt
prt_in,172,33,prontera,205,157,prontera.txt
prt_in,181,55,prontera,192,264,prontera.txt
prt_in,183,97,prontera,120,264,prontera.txt
prt_in,208,179,prontera,76,102,prontera.txt
prt_in,217,163,prt_in,236,163,prontera.txt
prt_in,234,163,prt_in,215,163,prontera.txt
prt_in,240,141,prontera,107,218,prontera.txt
prt_in,248,173,prontera,77,93,prontera.txt
prt_in,254,113,prt_in,256,134,prontera.txt
prt_in,256,131,prt_in,254,110,prontera.txt
prt_in,263,163,prt_in,276,163,prontera.txt
prt_in,274,163,prt_in,261,163,prontera.txt
prt_in,282,179,prontera,87,91,prontera.txt
prt_in,37,65,prt_in,51,65,prontera.txt
prt_in,47,29,prontera,46,67,prontera.txt
prt_in,48,65,prt_in,34,65,prontera.txt
prt_in,53,105,prontera,136,186,prontera.txt
prt_in,60,77,prontera,175,188,prontera.txt
prt_in,68,130,prontera,204,188,prontera.txt
prt_in,69,65,prt_in,84,65,prontera.txt
prt_in,70,143,prt_in,70,165,prontera.txt
prt_in,70,162,prt_in,70,140,prontera.txt
prt_in,80,113,prontera,48,343,prontera.txt
prt_in,82,65,prt_in,66,65,prontera.txt
prt_in,227,15,prontera,263,275,prontera.txt
prt_church,100,56,prontera,234,314,prontera.txt
prt_church,109,81,prt_church,172,19,prontera.txt
prt_church,168,19,prt_church,105,81,prontera.txt
prt_church,31,19,prt_church,94,81,prontera.txt
prt_church,90,81,prt_church,27,19,prontera.txt
splendide,240,317,spl_in02,224,232,splendide.txt
spl_in02,222,232,splendide,238,317,splendide.txt
splendide,230,299,spl_in02,207,195,splendide.txt
spl_in02,207,193,splendide,228,299,splendide.txt
splendide,214,310,spl_in02,180,223,splendide.txt
spl_in02,180,221,splendide,214,308,splendide.txt
splendide,157,316,spl_in02,108,213,splendide.txt
spl_in02,108,211,splendide,157,314,splendide.txt
splendide,119,324,spl_in02,61,229,splendide.txt
spl_in02,62,227,splendide,119,322,splendide.txt
splendide,286,128,spl_in02,236,63,splendide.txt
spl_in02,234,64,splendide,284,129,splendide.txt
splendide,259,112,spl_in02,189,41,splendide.txt
spl_in02,187,42,splendide,259,114,splendide.txt
splendide,286,229,spl_in02,137,66,splendide.txt
spl_in02,135,66,splendide,284,228,splendide.txt
splendide,299,251,spl_in02,140,93,splendide.txt
spl_in02,139,91,splendide,297,250,splendide.txt
splendide,132,68,spl_in02,45,52,splendide.txt
spl_in02,44,54,splendide,133,70,splendide.txt
splendide,197,193,spl_in01,110,19,splendide.txt
spl_in01,110,17,splendide,197,191,splendide.txt
spl_in01,124,38,spl_in01,236,36,splendide.txt
spl_in01,238,36,spl_in01,126,38,splendide.txt
spl_in01,95,38,spl_in01,199,36,splendide.txt
spl_in01,197,36,spl_in01,93,38,splendide.txt
spl_in01,218,22,spl_in01,310,19,splendide.txt
spl_in01,310,17,spl_in01,218,20,splendide.txt
splendide,170,168,spl_in01,190,301,splendide.txt
spl_in01,190,299,splendide,170,166,splendide.txt
spl_in01,191,320,spl_in01,276,334,splendide.txt
spl_in01,276,336,spl_in01,190,322,splendide.txt
splendide,156,210,spl_in01,171,189,splendide.txt
spl_in01,171,187,splendide,156,208,splendide.txt
splendide,198,240,spl_in01,110,301,splendide.txt
spl_in01,110,299,splendide,198,238,splendide.txt
splendide,238,212,spl_in01,30,215,splendide.txt
spl_in01,30,213,splendide,237,210,splendide.txt
splendide,228,164,spl_in01,30,301,splendide.txt
spl_in01,30,299,splendide,228,162,splendide.txt
umbala,68,253,um_in,38,113,umbala.txt
um_in,38,110,umbala,66,250,umbala.txt
umbala,138,129,um_in,99,114,umbala.txt
um_in,99,111,umbala,136,127,umbala.txt
umbala,125,157,um_in,155,114,umbala.txt
um_in,155,111,umbala,126,154,umbala.txt
umbala,94,186,um_in,141,42,umbala.txt
um_in,141,39,umbala,94,183,umbala.txt
umbala,100,203,um_in,163,69,umbala.txt
um_in,166,69,umbala,102,205,umbala.txt
umbala,107,130,um_in,99,66,umbala.txt
um_in,99,63,umbala,108,127,umbala.txt
um_in,29,71,umbala,217,186,umbala.txt
veins,230,166,ve_in,251,287,veins.txt
ve_in,251,283,veins,230,161,veins.txt
ve_in,261,315,ve_in,177,297,veins.txt
ve_in,177,293,ve_in,261,311,veins.txt
veins,150,179,ve_in,349,223,veins.txt
ve_in,349,219,veins,150,175,veins.txt
ve_in,347,250,ve_in,282,223,veins.txt
ve_in,286,223,ve_in,352,250,veins.txt
veins,114,278,ve_in,183,207,veins.txt
ve_in,183,203,veins,110,278,veins.txt
veins,128,270,ve_in,201,211,veins.txt
ve_in,206,211,veins,128,266,veins.txt
veins,130,238,ve_in,99,219,veins.txt
ve_in,99,215,veins,127,235,veins.txt
ve_in,76,229,ve_in,75,160,veins.txt
ve_in,71,160,ve_in,72,229,veins.txt
veins,148,220,ve_in,252,127,veins.txt
ve_in,256,127,veins,150,215,veins.txt
ve_in,224,115,ve_in,313,114,veins.txt
ve_in,309,114,ve_in,220,115,veins.txt
veins,197,260,ve_in,351,321,veins.txt
ve_in,351,317,veins,197,255,veins.txt
veins,88,173,ve_in,77,295,veins.txt
ve_in,77,291,veins,88,168,veins.txt
ve_in,98,299,ve_in,124,372,veins.txt
ve_in,128,372,ve_in,102,299,veins.txt
veins,337,231,ve_in,194,374,veins.txt
ve_in,194,369,veins,331,231,veins.txt
veins,267,230,ve_in02,17,19,veins.txt
ve_in02,13,19,veins,269,225,veins.txt
veins,143,25,ve_fild07,147,366,veins.txt
veins,218,361,ve_fild06,148,225,veins.txt
yuno,158,15,yuno_fild04,231,284,yuno.txt
yuno,117,135,yuno_in01,116,37,yuno.txt
yuno_in01,116,40,yuno,120,138,yuno.txt
yuno,48,105,yuno_in01,37,176,yuno.txt
yuno_in01,40,176,yuno,51,105,yuno.txt
yuno_in01,32,182,yuno_in01,86,164,yuno.txt
yuno_in01,82,164,yuno_in01,28,182,yuno.txt
yuno,48,151,yuno_in01,30,100,yuno.txt
yuno_in01,34,100,yuno,51,151,yuno.txt
yuno,93,180,yuno_in04,33,127,yuno.txt
yuno_in04,33,130,yuno,95,184,yuno.txt
yuno,196,138,yuno_in01,32,33,yuno.txt
yuno_in01,32,36,yuno,193,142,yuno.txt
yuno,264,87,yuno_in01,168,101,yuno.txt
yuno_in01,168,104,yuno,264,90,yuno.txt
yuno,341,203,yuno_in04,32,58,yuno.txt
yuno_in04,29,58,yuno,338,203,yuno.txt
yuno_in04,52,58,yuno_in04,97,58,yuno.txt
yuno_in04,95,58,yuno_in04,50,58,yuno.txt
yuno_in04,103,64,yuno_in04,103,95,yuno.txt
yuno_in04,103,93,yuno_in04,103,62,yuno.txt
yuno_in04,115,64,yuno_in04,115,95,yuno.txt
yuno_in04,115,93,yuno_in04,115,62,yuno.txt
yuno_in04,115,51,yuno_in04,115,20,yuno.txt
yuno_in04,115,22,yuno_in04,115,53,yuno.txt
yuno_in04,103,51,yuno_in04,103,20,yuno.txt
yuno_in04,103,22,yuno_in04,103,53,yuno.txt
yuno_in04,122,57,yuno_in04,164,110,yuno.txt
yuno_in04,161,110,yuno_in04,120,57,yuno.txt
yuno,323,284,yuno_in03,167,22,yuno.txt
yuno_in03,167,19,yuno,323,280,yuno.txt
yuno_in03,167,72,yuno_in03,179,113,yuno.txt
yuno_in03,179,109,yuno_in03,167,69,yuno.txt
yuno_in03,186,119,yuno_in03,163,174,yuno.txt
yuno_in03,161,174,yuno_in03,183,119,yuno.txt
yuno_in03,186,131,yuno_in03,163,187,yuno.txt
yuno_in03,161,187,yuno_in03,183,131,yuno.txt
yuno_in03,173,118,yuno_in03,120,178,yuno.txt
yuno_in03,124,178,yuno_in03,176,118,yuno.txt
yuno_in03,111,192,yuno_in03,162,132,yuno.txt
yuno_in03,162,129,yuno_in03,111,189,yuno.txt
yuno_in03,153,134,yuno_in03,62,186,yuno.txt
yuno_in03,66,186,yuno_in03,155,134,yuno.txt
yuno,278,293,yuno_in03,25,15,yuno.txt
yuno_in03,25,11,yuno,278,290,yuno.txt
yuno_in03,32,89,yuno_in03,25,53,yuno.txt
yuno_in03,25,56,yuno_in03,32,92,yuno.txt
yuno,284,366,yuno_in03,224,23,yuno.txt
yuno_in03,224,19,yuno,284,363,yuno.txt
yuno_in03,219,50,yuno_in03,104,118,yuno.txt
yuno_in03,104,115,yuno_in03,219,47,yuno.txt
yuno_in03,244,52,yuno_in03,235,94,yuno.txt
yuno_in03,235,91,yuno_in03,244,49,yuno.txt
yuno_in03,231,61,yuno_in03,239,144,yuno.txt
yuno_in03,239,141,yuno_in03,231,57,yuno.txt
yuno_in03,223,167,yuno_in03,96,54,yuno.txt
yuno_in03,96,58,yuno_in03,223,170,yuno.txt
yuno,87,321,yuno_in02,168,61,yuno.txt
yuno_in02,172,61,yuno,90,321,yuno.txt
yuno_in01,88,36,yuno_in01,173,34,yuno.txt
yuno_in01,176,34,yuno_in01,91,36,yuno.txt
yuno_in02,82,14,yuno_in05,192,194,yuno.txt
yuno_in05,196,194,yuno_in02,85,14,yuno.txt
yuno,245,147,yuno_in01,101,88,yuno.txt
yuno_in01,101,85,yuno,245,144,yuno.txt
yuno_in05,31,167,yuno_in05,50,85,yuno.txt
yuno_in05,50,88,yuno_in02,85,14,yuno.txt
yuno,195,87,yuno_in04,189,28,yuno.txt
yuno_in04,192,28,yuno,198,87,yuno.txt
yuno_pre,52,22,yuno_pre,37,23,yuno.txt
yuno_pre,87,22,yuno_pre,102,22,yuno.txt
yuno_pre,41,23,yuno_pre,56,22,yuno.txt
yuno_pre,18,35,yuno_pre,18,53,yuno.txt
yuno_pre,98,22,yuno_pre,83,22,yuno.txt
yuno_pre,18,48,yuno_pre,18,31,yuno.txt
yuno_pre,18,77,yuno_pre,18,96,yuno.txt
yuno_pre,113,48,yuno_pre,84,22,yuno.txt
yuno_pre,81,68,yuno_pre,95,68,yuno.txt
yuno_pre,18,92,yuno_pre,18,73,yuno.txt
yuno,157,322,yuno_pre,69,13,yuno.txt
yuno_pre,69,10,yuno,157,317,yuno.txt
amatsu,248,292,ama_fild01,75,33,amatsu_fild.txt
ama_fild01,75,30,amatsu,248,289,amatsu_fild.txt
ama_fild01,174,331,ama_in01,175,174,amatsu_fild.txt
ama_in01,175,171,ama_fild01,174,328,amatsu_fild.txt
ama_fild01,330,141,ama_in01,174,124,amatsu_fild.txt
ama_in01,174,121,ama_fild01,330,138,amatsu_fild.txt
bra_fild01,72,34,brasilis,309,334,bra_fild.txt
brasilis,308,336,bra_fild01,74,34,bra_fild.txt
yuno_fild04,251,21,ein_fild06,252,363,ein_fild.txt
ein_fild06,252,365,yuno_fild04,251,23,ein_fild.txt
yuno_fild07,73,219,ein_fild06,338,170,ein_fild.txt
ein_fild06,340,170,yuno_fild07,75,219,ein_fild.txt
yuno_fild07,56,76,ein_fild06,354,94,ein_fild.txt
ein_fild06,356,94,yuno_fild07,58,76,ein_fild.txt
yuno_fild11,28,266,ein_fild07,380,263,ein_fild.txt
ein_fild07,382,263,yuno_fild11,30,266,ein_fild.txt
ein_fild06,135,35,ein_fild07,147,360,ein_fild.txt
ein_fild07,145,362,ein_fild06,135,37,ein_fild.txt
ein_fild07,191,42,ein_fild10,194,370,ein_fild.txt
ein_fild10,194,372,ein_fild07,191,44,ein_fild.txt
ein_fild10,24,331,ein_fild09,327,346,ein_fild.txt
ein_fild09,329,346,ein_fild10,26,331,ein_fild.txt
ein_fild09,34,132,ein_fild08,361,128,ein_fild.txt
ein_fild08,363,128,ein_fild09,36,132,ein_fild.txt
einbech,62,29,ein_fild09,74,350,ein_fild.txt
ein_fild09,71,352,einbech,62,32,ein_fild.txt
ein_fild04,20,251,ein_fild03,361,257,ein_fild.txt
ein_fild03,363,257,ein_fild04,22,251,ein_fild.txt
ein_fild04,14,215,ein_fild03,359,219,ein_fild.txt
ein_fild03,361,219,ein_fild04,16,215,ein_fild.txt
ein_fild04,14,205,ein_fild03,359,204,ein_fild.txt
ein_fild03,361,204,ein_fild04,16,205,ein_fild.txt
ein_fild03,142,32,lhz_fild02,166,365,ein_fild.txt
lhz_fild02,166,367,ein_fild03,142,34,ein_fild.txt
lhz_fild02,164,37,lhz_fild03,158,347,ein_fild.txt
lhz_fild03,158,349,lhz_fild02,164,39,ein_fild.txt
lhz_fild03,363,283,ein_fild08,25,275,ein_fild.txt
ein_fild08,23,275,lhz_fild03,361,283,ein_fild.txt
gefenia01,37,103,gefenia04,283,95,gefenia.txt
gefenia01,199,269,gefenia02,203,34,gefenia.txt
gefenia01,220,256,gefenia02,240,23,gefenia.txt
gefenia02,17,175,gefenia03,266,168,gefenia.txt
gefenia02,19,237,gefenia03,264,236,gefenia.txt
gefenia02,203,31,gefenia01,199,266,gefenia.txt
gefenia02,240,20,gefenia01,223,256,gefenia.txt
gefenia03,58,26,gefenia04,33,270,gefenia.txt
gefenia03,145,27,gefenia04,130,272,gefenia.txt
gefenia03,267,236,gefenia02,22,237,gefenia.txt
gefenia03,269,168,gefenia02,20,175,gefenia.txt
gefenia04,130,275,gefenia03,145,30,gefenia.txt
gefenia04,33,273,gefenia03,58,29,gefenia.txt
gefenia04,287,95,gefenia01,40,103,gefenia.txt
gef_fild06,20,304,glast_01,370,304,glastheim.txt
gl_cas01,135,40,gl_cas01,144,314,glastheim.txt
gl_cas01,149,314,gl_prison,14,70,glastheim.txt
gl_cas01,167,191,gl_prison,14,70,glastheim.txt
gl_cas01,185,236,gl_cas01,163,191,glastheim.txt
gl_cas01,200,165,gl_cas02,104,25,glastheim.txt
gl_cas01,200,18,glast_01,200,294,glastheim.txt
gl_cas01,215,236,gl_cas01,238,192,glastheim.txt
gl_cas01,234,192,gl_prison,14,70,glastheim.txt
gl_cas01,371,301,gl_prison,14,70,glastheim.txt
gl_cas01,372,39,gl_cas01,367,301,glastheim.txt
gl_cas02,104,15,gl_cas01,200,160,glastheim.txt
gl_cas02,104,193,glast_01,199,325,glastheim.txt
gl_church,156,4,glast_01,200,134,glastheim.txt
gl_church,16,299,gl_chyard,147,284,glastheim.txt
gl_church,301,46,gl_chyard,147,15,glastheim.txt
gl_chyard,12,149,gl_sew02,29,270,glastheim.txt
gl_chyard,147,12,gl_church,295,46,glastheim.txt
gl_chyard,147,287,gl_church,16,295,glastheim.txt
gl_dun01,133,277,gl_sew04,101,78,glastheim.txt
gl_dun01,225,18,gl_dun02,224,274,glastheim.txt
gl_dun02,224,277,gl_dun01,225,22,glastheim.txt
gl_in01,106,125,glast_01,219,357,glastheim.txt
gl_in01,118,59,glast_01,234,330,glastheim.txt
gl_in01,81,68,glast_01,165,330,glastheim.txt
gl_in01,83,174,glast_01,181,357,glastheim.txt
gl_knt01,104,204,gl_knt01,123,292,glastheim.txt
gl_knt01,12,148,gl_knt02,15,140,glastheim.txt
gl_knt01,128,292,gl_knt01,104,199,glastheim.txt
gl_knt01,150,291,gl_knt02,157,287,glastheim.txt
gl_knt01,150,6,glast_01,74,193,glastheim.txt
gl_knt01,231,197,gl_sew02,296,22,glastheim.txt
gl_knt01,287,144,gl_knt02,283,140,glastheim.txt
gl_knt02,10,138,gl_knt01,7,148,glastheim.txt
gl_knt02,157,292,gl_knt01,150,286,glastheim.txt
gl_knt02,289,138,gl_knt01,292,144,glastheim.txt
gl_prison,149,183,gl_prison1,150,14,glastheim.txt
gl_prison1,150,10,gl_prison,149,178,glastheim.txt
gl_prison1,62,187,gl_sew01,258,255,glastheim.txt
gl_sew01,19,21,gl_sew02,108,291,glastheim.txt
gl_sew01,258,258,gl_prison1,61,183,glastheim.txt
gl_sew02,109,294,gl_sew01,19,24,glastheim.txt
gl_sew02,16,26,gl_prison1,61,183,glastheim.txt
gl_sew02,290,156,gl_step,117,124,glastheim.txt
gl_sew02,296,18,gl_knt01,231,192,glastheim.txt
gl_sew02,299,294,gl_sew03,171,283,glastheim.txt
gl_sew02,30,273,gl_chyard,15,149,glastheim.txt
gl_sew03,171,286,gl_sew02,295,294,glastheim.txt
gl_sew03,64,10,gl_sew04,68,277,glastheim.txt
gl_sew04,104,78,gl_dun01,133,271,glastheim.txt
gl_sew04,68,280,gl_sew03,64,13,glastheim.txt
gl_step,120,124,gl_sew02,285,158,glastheim.txt
gl_step,8,7,glast_01,54,108,glastheim.txt
glast_01,162,330,gl_in01,77,68,glastheim.txt
glast_01,179,360,gl_in01,80,174,glastheim.txt
glast_01,199,322,gl_cas02,104,189,glastheim.txt
glast_01,200,137,gl_church,156,7,glastheim.txt
glast_01,200,297,gl_cas01,199,29,glastheim.txt
glast_01,220,360,gl_in01,110,125,glastheim.txt
glast_01,237,330,gl_in01,122,59,glastheim.txt
glast_01,377,304,gef_fild06,27,304,glastheim.txt
glast_01,51,108,gl_step,12,7,glastheim.txt
glast_01,77,193,gl_knt01,150,15,glastheim.txt
jawaii_in,90,78,jawaii,115,172,jawaii.txt
jawaii_in,113,61,jawaii,138,202,jawaii.txt
jawaii_in,133,107,jawaii,111,199,jawaii.txt
jawaii_in,88,117,jawaii,109,186,jawaii.txt
jawaii,192,215,jawaii_in,28,94,jawaii.txt
lhz_fild01,210,18,lighthalzen,214,324,lhalzen_fild.txt
lighthalzen,214,329,lhz_fild01,210,23,lhalzen_fild.txt
lhz_fild01,367,222,lhz_fild02,36,221,lhalzen_fild.txt
lhz_fild02,29,219,lhz_fild01,361,222,lhalzen_fild.txt
xmas_fild01,69,252,xmas,149,44,lutie_fild.txt
xmas_fild01,90,252,xmas,149,44,lutie_fild.txt
xmas_fild01,84,48,aldebaran,140,234,lutie_fild.txt
man_fild01,35,232,mid_camp,341,176,man_fild.txt
man_fild01,103,55,man_fild03,84,366,man_fild.txt
man_fild03,84,369,man_fild01,103,58,man_fild.txt
man_fild01,372,230,man_fild02,34,261,man_fild.txt
man_fild02,32,261,man_fild01,369,230,man_fild.txt
man_fild02,139,41,manuk,112,356,man_fild.txt
manuk,114,357,man_fild02,138,43,man_fild.txt
mjolnir_01,284,18,gef_fild04,261,359,mtmjolnir.txt
mjolnir_01,378,256,mjolnir_02,31,258,mtmjolnir.txt
mjolnir_02,28,258,mjolnir_01,374,256,mtmjolnir.txt
mjolnir_02,326,289,mjolnir_03,24,258,mtmjolnir.txt
mjolnir_02,361,18,mjolnir_06,366,380,mtmjolnir.txt
mjolnir_02,79,365,mjo_dun01,52,17,mtmjolnir.txt
mjolnir_03,21,258,mjolnir_02,323,289,mtmjolnir.txt
mjolnir_03,212,17,mjolnir_07,214,380,mtmjolnir.txt
mjolnir_03,242,204,mjolnir_04,125,208,mtmjolnir.txt
mjolnir_04,122,208,mjolnir_03,239,204,mtmjolnir.txt
mjolnir_04,160,46,mjolnir_08,159,370,mtmjolnir.txt
mjolnir_04,387,174,mjolnir_05,19,171,mtmjolnir.txt
mjolnir_05,16,171,mjolnir_04,384,174,mtmjolnir.txt
mjolnir_05,220,382,mjolnir_12,220,29,mtmjolnir.txt
mjolnir_05,235,16,mjolnir_10,235,378,mtmjolnir.txt
mjolnir_06,18,331,gef_fild04,359,322,mtmjolnir.txt
mjolnir_06,265,29,gef_fild00,267,379,mtmjolnir.txt
mjolnir_06,366,383,mjolnir_02,361,21,mtmjolnir.txt
mjolnir_06,382,377,mjolnir_07,19,377,mtmjolnir.txt
mjolnir_06,383,74,mjolnir_07,20,77,mtmjolnir.txt
mjolnir_07,156,16,prt_fild00,159,380,mtmjolnir.txt
mjolnir_07,16,377,mjolnir_06,379,377,mtmjolnir.txt
mjolnir_07,17,77,mjolnir_06,380,74,mtmjolnir.txt
mjolnir_07,214,383,mjolnir_03,212,20,mtmjolnir.txt
mjolnir_07,383,233,mjolnir_08,33,234,mtmjolnir.txt
mjolnir_07,383,362,mjolnir_08,32,346,mtmjolnir.txt
mjolnir_08,159,373,mjolnir_04,160,49,mtmjolnir.txt
mjolnir_08,185,28,mjolnir_09,196,364,mtmjolnir.txt
mjolnir_08,29,346,mjolnir_07,380,362,mtmjolnir.txt
mjolnir_08,30,234,mjolnir_07,380,233,mtmjolnir.txt
mjolnir_08,369,257,mjolnir_10,18,258,mtmjolnir.txt
mjolnir_09,106,28,prt_fild05,105,378,mtmjolnir.txt
mjolnir_09,194,367,mjolnir_08,185,31,mtmjolnir.txt
mjolnir_09,30,249,prt_fild00,380,249,mtmjolnir.txt
mjolnir_09,300,28,prt_fild05,292,382,mtmjolnir.txt
mjolnir_09,373,288,prt_fild01,23,292,mtmjolnir.txt
mjolnir_10,15,258,mjolnir_08,366,257,mtmjolnir.txt
mjolnir_10,235,381,mjolnir_05,235,19,mtmjolnir.txt
mjolnir_10,265,13,prt_fild01,261,370,mtmjolnir.txt
mjolnir_10,384,220,mjolnir_11,23,220,mtmjolnir.txt
mjolnir_10,66,15,prt_fild01,66,370,mtmjolnir.txt
mjolnir_11,174,20,prt_fild02,173,379,mtmjolnir.txt
mjolnir_11,20,220,mjolnir_10,381,220,mtmjolnir.txt
mjolnir_12,199,378,aldebaran,138,37,mtmjolnir.txt
mjolnir_12,220,26,mjolnir_05,220,379,mtmjolnir.txt
mjolnir_12,44,17,prt_maze01,17,111,mtmjolnir.txt
spl_fild02,382,143,mid_camp,16,143,spl_fild.txt
spl_fild02,383,216,mid_camp,12,215,spl_fild.txt
spl_fild02,310,10,spl_fild03,306,376,spl_fild.txt
spl_fild03,99,373,spl_fild02,102,32,spl_fild.txt
spl_fild03,306,379,spl_fild02,311,12,spl_fild.txt
spl_fild02,103,30,spl_fild03,99,370,spl_fild.txt
spl_fild01,289,28,spl_fild02,292,377,spl_fild.txt
spl_fild02,6,241,splendide,386,251,spl_fild.txt
splendide,388,252,spl_fild02,8,241,spl_fild.txt
spl_fild02,293,379,spl_fild01,289,30,spl_fild.txt
cmd_fild01,77,366,um_fild03,114,53,umbala_fild.txt
cmd_fild01,178,370,um_fild03,243,29,umbala_fild.txt
um_fild01,31,274,beach_dun2,254,244,umbala_fild.txt
beach_dun2,258,244,um_fild01,35,276,umbala_fild.txt
um_fild01,369,277,um_fild02,25,272,umbala_fild.txt
um_fild02,22,272,um_fild01,366,277,umbala_fild.txt
um_fild02,188,374,um_fild04,182,16,umbala_fild.txt
um_fild02,373,329,um_fild03,23,334,umbala_fild.txt
um_fild02,373,148,um_fild03,36,145,umbala_fild.txt
um_fild03,19,334,um_fild02,370,329,umbala_fild.txt
um_fild03,32,145,um_fild02,370,148,umbala_fild.txt
um_fild03,114,50,cmd_fild01,74,363,umbala_fild.txt
um_fild03,243,26,cmd_fild01,176,367,umbala_fild.txt
um_fild04,182,13,um_fild02,190,371,umbala_fild.txt
um_fild04,215,339,umbala,130,82,umbala_fild.txt
umbala,130,79,um_fild04,215,336,umbala_fild.txt
abbey01,51,9,nameless_n,160,184,abbey.txt
abbey01,87,122,abbey01,13,201,abbey.txt
abbey01,13,204,abbey01,88,118,abbey.txt
abbey01,321,102,abbey02,149,11,abbey.txt
abbey02,149,8,abbey01,321,99,abbey.txt
abbey02,149,290,abbey03,119,8,abbey.txt
abbey03,119,5,abbey02,149,287,abbey.txt
abyss_01,25,24,abyss_02,271,270,abyss.txt
abyss_02,145,280,abyss_03,115,30,abyss.txt
abyss_02,277,270,abyss_01,25,30,abyss.txt
abyss_03,115,25,abyss_02,145,275,abyss.txt
abyss_01,265,274,hu_fild05,177,211,abyss.txt
alde_dun01,292,306,alde_dun02,43,24,alde_dun.txt
alde_dun01,167,158,c_tower2,148,283,alde_dun.txt
alde_dun01,302,25,c_tower1,125,22,alde_dun.txt
alde_dun02,43,20,alde_dun01,292,300,alde_dun.txt
alde_dun02,279,250,alde_dun03,18,267,alde_dun.txt
alde_dun02,122,169,c_tower3,47,41,alde_dun.txt
alde_dun02,187,234,c_tower3,65,147,alde_dun.txt
alde_dun03,12,267,alde_dun02,273,250,alde_dun.txt
alde_dun03,277,183,c_tower2,27,27,alde_dun.txt
alde_dun03,191,31,c_tower3,217,159,alde_dun.txt
alde_dun03,276,48,c_tower1,235,223,alde_dun.txt
alde_dun04,80,273,alde_dun03,263,26,alde_dun.txt
alde_dun04,207,225,c_tower3,7,34,alde_dun.txt
alde_dun04,215,192,c_tower2,148,283,alde_dun.txt
alde_dun04,32,74,alde_dun02,187,239,alde_dun.txt
alde_dun04,208,58,alde_dun04,268,74,alde_dun.txt
alde_dun04,272,74,alde_dun04,204,62,alde_dun.txt
ama_dun01,235,144,ama_dun02,33,40,ama_dun.txt
ama_dun02,30,40,ama_dun01,232,144,ama_dun.txt
ama_dun02,196,123,ama_dun03,120,12,ama_dun.txt
ama_dun03,120,9,ama_dun02,196,120,ama_dun.txt
cmd_fild08,335,355,anthell01,35,262,anthell.txt
anthell01,35,267,cmd_fild08,330,355,anthell.txt
cmd_fild08,348,82,anthell02,168,170,anthell.txt
anthell02,172,169,cmd_fild08,344,82,anthell.txt
anthell01,253,32,anthell02,34,263,anthell.txt
anthell02,32,267,anthell01,253,35,anthell.txt
ayo_fild02,285,149,ayo_dun01,275,18,ayo_dun.txt
ayo_dun01,274,14,ayo_fild02,279,150,ayo_dun.txt
ayo_dun02,24,22,ayo_dun01,24,279,ayo_dun.txt
ayo_dun02,276,22,ayo_dun01,24,279,ayo_dun.txt
comodo,24,214,beach_dun,266,67,beach_dun.txt
beach_dun,276,67,comodo,31,215,beach_dun.txt
comodo,176,358,beach_dun2,154,25,beach_dun.txt
beach_dun2,154,13,comodo,176,353,beach_dun.txt
comodo,333,175,beach_dun3,23,260,beach_dun.txt
beach_dun3,17,265,comodo,328,175,beach_dun.txt
beach_dun3,286,57,cmd_fild01,30,317,beach_dun.txt
cmd_fild01,26,318,beach_dun3,281,56,beach_dun.txt
bra_dun01,199,35,bra_dun02,261,263,bra_dun.txt
bra_dun02,261,265,bra_dun01,199,37,bra_dun.txt
aldebaran,139,135,c_tower1,199,159,c_tower.txt
c_tower1,200,157,aldebaran,139,131,c_tower.txt
c_tower1,235,226,c_tower2,268,26,c_tower.txt
c_tower1,123,22,alde_dun01,297,25,c_tower.txt
c_tower2,142,283,c_tower3,65,147,c_tower.txt
c_tower2,24,24,alde_dun03,277,178,c_tower.txt
c_tower2,273,26,c_tower1,235,223,c_tower.txt
c_tower3,60,147,c_tower2,148,283,c_tower.txt
c_tower3,212,159,alde_dun03,276,53,c_tower.txt
c_tower3,7,39,alde_dun01,171,158,c_tower.txt
c_tower3,42,41,alde_dun02,127,169,c_tower.txt
c_tower3,146,8,c_tower1,235,223,c_tower.txt
c_tower4,37,70,alde_dun03,277,54,c_tower.txt
c_tower4,51,156,alde_dun01,171,158,c_tower.txt
c_tower4,68,46,c_tower4,73,154,c_tower.txt
c_tower4,70,19,c_tower3,151,8,c_tower.txt
c_tower4,79,49,c_tower4,204,60,c_tower.txt
c_tower4,133,202,c_tower4,140,149,c_tower.txt
c_tower4,153,107,c_tower2,228,267,c_tower.txt
c_tower4,171,179,alde_dun03,276,53,c_tower.txt
c_tower4,198,59,c_tower4,152,98,c_tower.txt
c_tower4,204,57,c_tower4,65,77,c_tower.txt
einbech,138,252,ein_dun01,22,14,ein_dun.txt
ein_dun01,22,11,einbech,138,249,ein_dun.txt
ein_dun01,261,255,ein_dun02,291,292,ein_dun.txt
ein_dun02,286,292,ein_dun01,261,258,ein_dun.txt
ein_dun02,216,210,ein_dun02,208,228,ein_dun.txt
ein_dun02,228,109,ein_dun02,191,130,ein_dun.txt
ein_dun02,210,225,ein_dun02,216,207,ein_dun.txt
ein_dun02,195,130,ein_dun02,233,109,ein_dun.txt
gef_tower,106,115,gef_tower,106,72,gef_dun.txt
gef_tower,106,69,gef_tower,106,112,gef_dun.txt
gef_tower,44,36,gef_tower,106,162,gef_dun.txt
gef_tower,106,158,gef_tower,44,33,gef_dun.txt
gef_tower,118,68,gef_tower,116,28,gef_dun.txt
gef_tower,116,31,gef_tower,118,71,gef_dun.txt
gef_tower,120,158,gef_tower,118,111,gef_dun.txt
gef_tower,118,114,gef_tower,120,161,gef_dun.txt
gef_tower,158,104,gef_tower,156,90,gef_dun.txt
gef_tower,156,93,gef_tower,158,107,gef_dun.txt
gef_tower,158,150,gef_tower,158,124,gef_dun.txt
gef_tower,158,128,gef_tower,158,153,gef_dun.txt
gef_tower,158,174,gef_tower,52,140,gef_dun.txt
gef_tower,52,136,gef_tower,158,169,gef_dun.txt
gef_tower,38,160,gef_tower,42,90,gef_dun.txt
gef_tower,42,86,gef_tower,38,157,gef_dun.txt
gef_tower,66,156,gef_tower,42,90,gef_dun.txt
gef_tower,153,28,gef_dun00,104,99,gef_dun.txt
gef_tower,52,181,geffen,120,110,gef_dun.txt
gef_tower,60,32,gef_tower,62,90,gef_dun.txt
gef_tower,62,87,gef_tower,60,30,gef_dun.txt
gef_dun00,104,103,gef_tower,153,31,gef_dun.txt
gef_dun00,107,169,gef_dun01,115,236,gef_dun.txt
gef_dun01,115,240,gef_dun00,107,165,gef_dun.txt
gef_dun01,197,38,gef_dun02,106,132,gef_dun.txt
gef_dun02,106,134,gef_dun01,197,40,gef_dun.txt
gef_dun03,203,204,gef_dun02,215,63,gef_dun.txt
gonryun,159,201,gon_dun01,153,48,gon_dun.txt
gon_dun01,153,45,gonryun,159,198,gon_dun.txt
gon_dun01,162,273,gon_dun02,17,113,gon_dun.txt
gon_dun02,14,113,gon_dun01,162,270,gon_dun.txt
gon_dun02,44,213,gon_dun02,51,119,gon_dun.txt
gon_dun02,92,190,gon_dun02,199,20,gon_dun.txt
gon_dun02,44,166,gon_dun02,97,121,gon_dun.txt
gon_dun02,148,236,gon_dun02,234,194,gon_dun.txt
gon_dun02,171,258,gon_dun02,76,96,gon_dun.txt
gon_dun02,234,191,gon_dun02,145,233,gon_dun.txt
gon_dun02,165,189,gon_dun02,235,135,gon_dun.txt
gon_dun02,180,189,gon_dun02,170,164,gon_dun.txt
gon_dun02,170,161,gon_dun02,89,41,gon_dun.txt
gon_dun02,56,119,gon_dun02,47,210,gon_dun.txt
gon_dun02,94,118,gon_dun02,177,189,gon_dun.txt
gon_dun02,76,100,gon_dun02,145,62,gon_dun.txt
gon_dun02,63,66,gon_dun02,203,94,gon_dun.txt
gon_dun02,86,44,gon_dun02,145,233,gon_dun.txt
gon_dun02,168,92,gon_dun02,273,76,gon_dun.txt
gon_dun02,145,66,gon_dun02,199,20,gon_dun.txt
gon_dun02,235,138,gon_dun02,168,189,gon_dun.txt
gon_dun02,199,94,gon_dun02,60,70,gon_dun.txt
gon_dun02,276,76,gon_dun02,163,87,gon_dun.txt
gon_dun02,196,20,gon_dun02,95,190,gon_dun.txt
gon_dun02,251,268,gon_dun03,68,9,gon_dun.txt
gon_dun03,68,6,gon_dun02,251,265,gon_dun.txt
ice_dun01,157,10,ra_fild01,233,327,ice_dun.txt
ice_dun01,146,161,ice_dun02,151,139,ice_dun.txt
ice_dun02,151,145,ice_dun01,146,157,ice_dun.txt
ice_dun02,150,285,ice_dun03,149,24,ice_dun.txt
ice_dun03,149,19,ice_dun02,150,280,ice_dun.txt
ice_dun04,33,140,ice_dun03,149,130,ice_dun.txt
in_sphinx1,288,6,moc_fild19,100,99,in_sphinx.txt
in_sphinx1,80,191,in_sphinx2,149,81,in_sphinx.txt
in_sphinx2,149,77,in_sphinx1,80,189,in_sphinx.txt
in_sphinx2,276,272,in_sphinx3,210,54,in_sphinx.txt
in_sphinx3,210,57,in_sphinx2,274,272,in_sphinx.txt
in_sphinx3,35,227,in_sphinx3,62,227,in_sphinx.txt
in_sphinx3,60,227,in_sphinx3,32,227,in_sphinx.txt
in_sphinx3,70,111,in_sphinx3,70,81,in_sphinx.txt
in_sphinx3,70,83,in_sphinx3,70,113,in_sphinx.txt
in_sphinx3,12,69,in_sphinx4,10,222,in_sphinx.txt
in_sphinx4,10,224,in_sphinx3,12,71,in_sphinx.txt
in_sphinx4,120,113,in_sphinx5,100,99,in_sphinx.txt
in_sphinx5,100,96,in_sphinx4,120,116,in_sphinx.txt
in_sphinx5,11,16,in_sphinx5,189,181,in_sphinx.txt
in_sphinx5,11,183,in_sphinx5,11,18,in_sphinx.txt
in_sphinx5,189,16,in_sphinx5,11,181,in_sphinx.txt
in_sphinx5,16,188,in_sphinx5,181,188,in_sphinx.txt
in_sphinx5,16,10,in_sphinx5,181,10,in_sphinx.txt
in_sphinx5,183,10,in_sphinx5,18,188,in_sphinx.txt
in_sphinx5,183,188,in_sphinx5,18,10,in_sphinx.txt
in_sphinx5,189,183,in_sphinx5,189,18,in_sphinx.txt
izlu2dun,108,83,iz_dun00,168,168,iz_dun.txt
iz_dun00,168,173,izlu2dun,108,88,iz_dun.txt
iz_dun00,352,342,iz_dun01,253,252,iz_dun.txt
iz_dun00,39,41,iz_dun01,41,37,iz_dun.txt
iz_dun01,118,170,iz_dun02,236,204,iz_dun.txt
iz_dun01,253,258,iz_dun00,352,337,iz_dun.txt
iz_dun01,41,32,iz_dun00,39,46,iz_dun.txt
iz_dun02,236,198,iz_dun01,118,165,iz_dun.txt
iz_dun02,339,331,iz_dun03,32,63,iz_dun.txt
iz_dun03,264,245,iz_dun04,26,27,iz_dun.txt
iz_dun03,29,63,iz_dun02,339,328,iz_dun.txt
iz_dun04,26,24,iz_dun03,261,245,iz_dun.txt
yuno_fild07,207,175,jupe_cave,143,52,juperos.txt
jupe_cave,148,52,yuno_fild07,212,175,juperos.txt
jupe_cave,26,52,juperos_01,53,247,juperos.txt
juperos_01,50,250,jupe_cave,29,52,juperos.txt
jupe_gate,28,145,jupe_area1,100,222,juperos.txt
jupe_area1,103,222,jupe_gate,31,145,juperos.txt
jupe_gate,71,145,jupe_area2,63,222,juperos.txt
jupe_area2,60,222,jupe_gate,68,145,juperos.txt
jupe_gate,49,55,jupe_ele_r,49,30,juperos.txt
kh_dun01,3,234,yuno_fild08,74,174,kh_dun.txt
kh_dun01,232,226,kh_dun01,13,12,kh_dun.txt
kh_dun01,63,7,kh_dun01,227,176,kh_dun.txt
kh_dun01,232,176,kh_dun01,63,12,kh_dun.txt
lhz_dun01,149,291,lhz_in01,19,129,lhz_dun.txt
lhz_dun01,281,150,lhz_dun02,282,153,lhz_dun.txt
lhz_dun02,282,161,lhz_dun01,281,154,lhz_dun.txt
lhz_dun01,149,9,lhz_dun02,153,19,lhz_dun.txt
lhz_dun02,146,19,lhz_dun01,144,9,lhz_dun.txt
lhz_dun01,18,145,lhz_dun02,17,150,lhz_dun.txt
lhz_dun02,17,156,lhz_dun01,18,150,lhz_dun.txt
lhz_dun03,139,137,lhz_dun02,149,142,lhz_dun.txt
lhz_cube,231,96,lhz_dun02,220,6,lhz_dun.txt
lhz_dun02,224,6,lhz_cube,231,90,lhz_dun.txt
lhz_cube,231,12,lighthalzen,310,302,lhz_dun.txt
lhz_cube,177,96,lighthalzen,310,302,lhz_dun.txt
lhz_cube,66,67,lhz_cube,10,18,lhz_dun.txt
lhz_cube,74,136,lhz_cube,10,193,lhz_dun.txt
lhz_cube,67,200,lhz_cube,10,136,lhz_dun.txt
lhz_cube,66,11,lhz_cube,10,18,lhz_dun.txt
lhz_cube,66,26,lhz_cube,123,18,lhz_dun.txt
lhz_cube,18,18,lhz_cube,10,193,lhz_dun.txt
lhz_cube,10,11,lhz_cube,123,18,lhz_dun.txt
lhz_cube,10,67,lhz_cube,123,18,lhz_dun.txt
lhz_cube,3,74,lhz_cube,66,18,lhz_dun.txt
lhz_cube,18,136,lhz_cube,10,74,lhz_dun.txt
lhz_cube,3,192,lhz_cube,10,74,lhz_dun.txt
lhz_cube,10,200,lhz_cube,66,18,lhz_dun.txt
lhz_cube,115,18,lhz_cube,248,184,lhz_dun.txt
louyang,37,271,lou_dun01,218,195,lou_dun.txt
lou_dun01,221,195,louyang,40,273,lou_dun.txt
lou_dun01,40,201,lou_dun02,285,18,lou_dun.txt
lou_dun02,288,18,lou_dun01,38,203,lou_dun.txt
lou_dun02,165,269,lou_dun03,165,38,lou_dun.txt
lou_dun03,165,35,lou_dun02,165,266,lou_dun.txt
mag_dun01,126,66,yuno_fild03,34,139,mag_dun.txt
mag_dun01,242,241,mag_dun02,47,30,mag_dun.txt
mag_dun02,47,28,mag_dun01,242,239,mag_dun.txt
mjo_dun01,14,283,mjo_dun02,381,343,mjo_dun.txt
mjo_dun01,52,14,mjolnir_02,79,363,mjo_dun.txt
mjo_dun02,31,21,mjo_dun03,302,262,mjo_dun.txt
mjo_dun02,384,343,mjo_dun01,17,283,mjo_dun.txt
mjo_dun02,39,21,mjo_dun03,308,262,mjo_dun.txt
mjo_dun03,302,264,mjo_dun02,31,23,mjo_dun.txt
mjo_dun03,308,264,mjo_dun02,39,23,mjo_dun.txt
moc_pryd01,10,195,moc_pryd02,10,192,moc_pryd.txt
moc_pryd01,195,9,moc_ruins,60,161,moc_pryd.txt
moc_pryd01,90,109,moc_prydb1,100,185,moc_pryd.txt
moc_pryd02,10,195,moc_pryd01,10,192,moc_pryd.txt
moc_pryd02,100,99,moc_pryd03,100,92,moc_pryd.txt
moc_pryd03,100,97,moc_pryd02,100,92,moc_pryd.txt
moc_pryd03,12,15,moc_pryd04,12,18,moc_pryd.txt
moc_pryd03,15,187,moc_pryd04,18,187,moc_pryd.txt
moc_pryd03,184,11,moc_pryd04,181,11,moc_pryd.txt
moc_pryd03,188,184,moc_pryd04,188,181,moc_pryd.txt
moc_pryd04,12,15,moc_pryd03,12,18,moc_pryd.txt
moc_pryd04,15,187,moc_pryd03,18,187,moc_pryd.txt
moc_pryd04,184,11,moc_pryd03,181,11,moc_pryd.txt
moc_pryd04,188,184,moc_pryd03,188,181,moc_pryd.txt
moc_pryd05,223,9,moc_pryd06,192,10,moc_pryd.txt
moc_pryd05,94,98,moc_prydb1,100,57,moc_pryd.txt
moc_pryd06,197,10,moc_pryd05,220,9,moc_pryd.txt
moc_prydb1,100,104,moc_prydb1,100,74,moc_pryd.txt
moc_prydb1,100,191,moc_pryd01,90,105,moc_pryd.txt
moc_prydb1,100,55,moc_pryd05,94,96,moc_pryd.txt
moc_prydb1,100,77,moc_prydb1,100,107,moc_pryd.txt
moc_prydb1,111,115,moc_prydb1,145,115,moc_pryd.txt
moc_prydb1,142,115,moc_prydb1,108,115,moc_pryd.txt
moc_prydb1,59,115,moc_prydb1,90,115,moc_pryd.txt
moc_prydb1,87,115,moc_prydb1,56,115,moc_pryd.txt
mosk_fild02,190,257,mosk_dun01,189,45,mosk_dun.txt
mosk_dun01,189,42,mosk_fild02,190,254,mosk_dun.txt
odin_tem01,378,182,odin_tem02,28,180,odin.txt
odin_tem02,21,180,odin_tem01,373,182,odin.txt
odin_tem01,383,334,odin_tem02,27,334,odin.txt
odin_tem02,21,334,odin_tem01,379,334,odin.txt
odin_tem02,153,349,odin_tem03,120,54,odin.txt
odin_tem03,121,49,odin_tem02,154,345,odin.txt
odin_tem02,261,377,odin_tem03,247,40,odin.txt
odin_tem03,247,34,odin_tem02,263,372,odin.txt
in_orcs01,108,86,gef_fild10,223,203,orcsdun.txt
in_orcs01,124,171,gef_fild10,138,329,orcsdun.txt
in_orcs01,162,55,gef_fild10,214,53,orcsdun.txt
in_orcs01,29,116,gef_fild10,137,286,orcsdun.txt
in_orcs01,30,154,gef_fild10,65,335,orcsdun.txt
in_orcs01,30,182,orcsdun01,32,170,orcsdun.txt
orcsdun01,32,172,in_orcs01,30,180,orcsdun.txt
in_orcs01,108,114,orcsdun02,180,17,orcsdun.txt
orcsdun02,180,15,in_orcs01,108,112,orcsdun.txt
orcsdun01,183,8,orcsdun02,21,185,orcsdun.txt
orcsdun02,21,188,orcsdun01,183,11,orcsdun.txt
pay_dun00,184,33,pay_dun01,19,33,pay_dun.txt
pay_dun00,21,186,pay_arche,39,131,pay_dun.txt
pay_dun01,15,33,pay_dun00,181,33,pay_dun.txt
pay_dun01,286,25,pay_dun02,19,63,pay_dun.txt
pay_dun02,137,128,pay_dun03,155,159,pay_dun.txt
pay_dun02,16,63,pay_dun01,283,28,pay_dun.txt
pay_dun03,155,161,pay_dun02,137,126,pay_dun.txt
pay_dun04,191,41,pay_dun03,124,62,pay_dun.txt
pay_dun04,202,206,pay_dun03,124,62,pay_dun.txt
pay_dun04,32,204,pay_dun03,124,62,pay_dun.txt
pay_dun04,40,37,pay_dun03,124,62,pay_dun.txt
prt_maze01,22,194,prt_maze01,16,31,prt_maze.txt
prt_maze01,5,186,prt_maze01,182,88,prt_maze.txt
prt_maze01,58,194,prt_maze01,23,128,prt_maze.txt
prt_maze01,102,165,prt_maze01,99,31,prt_maze.txt
prt_maze01,85,174,prt_maze02,93,20,prt_maze.txt
prt_maze01,154,181,prt_maze01,191,175,prt_maze.txt
prt_maze01,125,171,prt_maze01,8,186,prt_maze.txt
prt_maze01,175,165,prt_maze01,48,104,prt_maze.txt
prt_maze01,194,175,prt_maze01,23,128,prt_maze.txt
prt_maze01,18,154,prt_maze01,177,71,prt_maze.txt
prt_maze01,23,125,prt_maze01,151,22,prt_maze.txt
prt_maze01,5,140,prt_maze01,58,48,prt_maze.txt
prt_maze01,54,154,prt_maze01,191,175,prt_maze.txt
prt_maze01,63,125,prt_maze01,182,88,prt_maze.txt
prt_maze01,98,154,prt_maze01,102,168,prt_maze.txt
prt_maze01,114,145,prt_maze01,23,128,prt_maze.txt
prt_maze01,85,146,prt_maze01,142,111,prt_maze.txt
prt_maze01,137,125,prt_maze01,191,139,prt_maze.txt
prt_maze01,154,134,prt_maze01,58,191,prt_maze.txt
prt_maze01,194,139,prt_maze01,22,88,prt_maze.txt
prt_maze01,166,139,prt_maze01,128,173,prt_maze.txt
prt_maze01,17,114,prt_maze01,8,186,prt_maze.txt
prt_maze01,22,85,prt_maze01,137,128,prt_maze.txt
prt_maze01,63,114,prt_maze01,111,56,prt_maze.txt
prt_maze01,63,85,prt_maze01,151,22,prt_maze.txt
prt_maze01,74,97,prt_maze01,71,11,prt_maze.txt
prt_maze01,45,104,prt_maze01,63,128,prt_maze.txt
prt_maze01,105,114,prt_maze01,111,145,prt_maze.txt
prt_maze01,114,95,prt_maze01,14,48,prt_maze.txt
prt_maze01,85,97,prt_maze01,63,128,prt_maze.txt
prt_maze01,142,114,prt_maze01,23,128,prt_maze.txt
prt_maze01,125,105,prt_maze01,14,48,prt_maze.txt
prt_maze01,182,85,prt_maze01,58,48,prt_maze.txt
prt_maze01,194,94,prt_maze01,58,191,prt_maze.txt
prt_maze01,168,94,prt_maze01,191,139,prt_maze.txt
prt_maze01,14,74,prt_maze01,151,22,prt_maze.txt
prt_maze01,14,45,mjolnir_12,44,21,prt_maze.txt
prt_maze01,5,58,prt_maze01,48,104,prt_maze.txt
prt_maze01,74,74,prt_maze01,58,191,prt_maze.txt
prt_maze01,52,45,prt_maze01,139,48,prt_maze.txt
prt_maze01,104,74,prt_maze01,14,48,prt_maze.txt
prt_maze01,96,45,prt_maze01,63,128,prt_maze.txt
prt_maze01,114,56,prt_maze01,176,8,prt_maze.txt
prt_maze01,85,56,prt_maze01,105,111,prt_maze.txt
prt_maze01,137,74,prt_maze01,182,88,prt_maze.txt
prt_maze01,139,45,prt_maze01,71,11,prt_maze.txt
prt_maze01,177,74,prt_fild01,136,368,prt_maze.txt
prt_maze01,175,45,prt_maze01,58,48,prt_maze.txt
prt_maze01,194,54,prt_maze01,99,31,prt_maze.txt
prt_maze01,16,34,prt_maze01,128,173,prt_maze.txt
prt_maze01,23,5,prt_maze01,176,8,prt_maze.txt
prt_maze01,54,5,prt_maze01,128,173,prt_maze.txt
prt_maze01,74,12,prt_maze01,58,48,prt_maze.txt
prt_maze01,45,21,prt_maze01,142,111,prt_maze.txt
prt_maze01,99,34,prt_maze01,137,128,prt_maze.txt
prt_maze01,114,22,prt_maze01,177,71,prt_maze.txt
prt_maze01,85,13,prt_maze01,22,88,prt_maze.txt
prt_maze01,154,22,prt_maze01,139,48,prt_maze.txt
prt_maze01,176,34,prt_maze01,8,186,prt_maze.txt
prt_maze01,176,5,prt_maze01,137,128,prt_maze.txt
prt_maze01,194,15,prt_maze01,52,48,prt_maze.txt
prt_maze01,165,22,prt_maze01,63,128,prt_maze.txt
prt_maze02,93,16,prt_maze01,102,168,prt_maze.txt
prt_maze02,100,182,prt_maze03,182,88,prt_maze.txt
prt_maze03,22,194,prt_maze03,175,48,prt_maze.txt
prt_maze03,5,186,prt_maze03,151,134,prt_maze.txt
prt_maze03,102,165,prt_maze03,137,71,prt_maze.txt
prt_maze03,85,174,prt_maze03,14,47,prt_maze.txt
prt_maze03,154,181,prt_maze03,139,48,prt_maze.txt
prt_maze03,125,171,prt_maze03,105,111,prt_maze.txt
prt_maze03,175,165,prt_maze03,71,12,prt_maze.txt
prt_maze03,194,175,prt_maze03,191,139,prt_maze.txt
prt_maze03,18,154,prt_maze03,48,21,prt_maze.txt
prt_maze03,23,125,prt_maze03,177,71,prt_maze.txt
prt_maze03,5,140,prt_maze03,111,56,prt_maze.txt
prt_maze03,54,154,prt_maze03,142,111,prt_maze.txt
prt_maze03,63,125,prt_maze03,88,97,prt_maze.txt
prt_maze03,98,154,prt_maze03,99,31,prt_maze.txt
prt_maze03,114,145,prt_maze03,168,22,prt_maze.txt
prt_maze03,85,146,prt_maze03,22,88,prt_maze.txt
prt_maze03,137,125,prt_maze03,71,71,prt_maze.txt
prt_maze03,154,134,prt_maze03,8,186,prt_maze.txt
prt_maze03,194,139,prt_maze03,191,175,prt_maze.txt
prt_maze03,166,139,prt_maze03,63,88,prt_maze.txt
prt_maze03,17,114,prt_maze03,128,105,prt_maze.txt
prt_maze03,22,85,prt_maze03,88,146,prt_maze.txt
prt_maze03,63,114,prt_maze03,14,71,prt_maze.txt
prt_maze03,63,85,prt_maze03,169,139,prt_maze.txt
prt_maze03,74,97,prt_maze03,54,8,prt_maze.txt
prt_maze03,45,104,prt_maze03,96,48,prt_maze.txt
prt_maze03,105,114,prt_maze03,128,171,prt_maze.txt
prt_maze03,114,95,prt_maze03,176,8,prt_maze.txt
prt_maze03,85,97,prt_maze03,63,128,prt_maze.txt
prt_maze03,142,114,prt_maze03,54,151,prt_maze.txt
prt_maze03,125,105,prt_maze03,58,191,prt_maze.txt
prt_maze03,182,85,prt_maze02,100,179,prt_maze.txt
prt_maze03,194,94,prt_maze03,151,22,prt_maze.txt
prt_maze03,168,94,prt_maze03,191,54,prt_maze.txt
prt_maze03,14,74,prt_maze03,63,111,prt_maze.txt
prt_maze03,14,45,prt_maze03,88,174,prt_maze.txt
prt_maze03,5,58,prt_maze03,191,15,prt_maze.txt
prt_maze03,52,45,prt_maze03,16,31,prt_maze.txt
prt_maze03,104,74,prt_maze03,111,22,prt_maze.txt
prt_maze03,96,45,prt_maze03,48,104,prt_maze.txt
prt_maze03,114,56,prt_maze03,8,140,prt_maze.txt
prt_maze03,85,56,prt_maze03,176,31,prt_maze.txt
prt_maze03,137,74,prt_maze03,102,168,prt_maze.txt
prt_maze03,177,74,prt_maze03,23,128,prt_maze.txt
prt_maze03,175,45,prt_maze03,22,191,prt_maze.txt
prt_maze03,194,54,prt_maze03,171,94,prt_maze.txt
prt_maze03,16,34,prt_maze03,52,48,prt_maze.txt
prt_maze03,23,5,prt_maze03,88,13,prt_maze.txt
prt_maze03,54,5,prt_maze03,71,97,prt_maze.txt
prt_maze03,74,12,prt_maze03,175,168,prt_maze.txt
prt_maze03,45,21,prt_maze03,18,151,prt_maze.txt
prt_maze03,99,34,prt_maze03,98,151,prt_maze.txt
prt_maze03,114,22,prt_maze03,104,71,prt_maze.txt
prt_maze03,85,13,prt_maze03,23,8,prt_maze.txt
prt_maze03,176,34,prt_maze03,88,56,prt_maze.txt
prt_maze03,176,5,prt_maze03,111,95,prt_maze.txt
prt_maze03,194,15,prt_maze03,8,58,prt_maze.txt
prt_maze03,165,22,prt_maze03,111,145,prt_maze.txt
prt_sewb1,135,248,prt_fild05,274,208,prt_maze.txt
prt_sewb1,188,247,prt_sewb2,19,19,prt_maze.txt
prt_sewb2,100,176,prt_sewb2,140,28,prt_maze.txt
prt_sewb2,140,24,prt_sewb2,100,172,prt_maze.txt
prt_sewb2,180,24,prt_sewb3,180,169,prt_maze.txt
prt_sewb2,19,12,prt_sewb1,192,247,prt_maze.txt
prt_sewb2,19,175,prt_sewb2,60,28,prt_maze.txt
prt_sewb2,60,24,prt_sewb2,19,171,prt_maze.txt
prt_sewb3,180,173,prt_sewb2,180,28,prt_maze.txt
prt_sewb3,20,185,prt_sewb4,100,92,prt_maze.txt
prt_sewb4,100,96,prt_sewb3,19,180,prt_maze.txt
ra_san02,213,280,ra_san01,140,19,ra_san.txt
ra_san03,123,283,ra_san01,140,19,ra_san.txt
ra_san04,119,104,ra_san01,140,19,ra_san.txt
ra_san03,279,21,ra_san05,282,149,ra_san.txt
ra_san03,85,15,ra_san04,203,216,ra_san.txt
ra_san04,203,221,ra_san03,85,20,ra_san.txt
ra_san04,120,48,ra_san05,150,282,ra_san.txt
ra_san05,150,7,ra_temple,119,153,ra_san.txt
ra_san02,289,149,ra_san03,10,149,ra_san.txt
ra_san03,5,149,ra_san02,284,149,ra_san.txt
ra_san02,213,4,ra_san04,35,216,ra_san.txt
ra_san04,35,221,ra_san02,213,9,ra_san.txt
ra_san02,30,21,ra_san05,14,149,ra_san.txt
tha_scene01,144,198,tha_t01,149,38,tha_t.txt
tha_t01,149,33,hu_fild01,140,158,tha_t.txt
tha_t01,150,150,tha_t02,149,130,tha_t.txt
tha_t02,149,125,tha_t01,150,145,tha_t.txt
tha_t03,217,165,tha_t02,227,157,tha_t.txt
tha_t03,59,140,tha_t04,60,142,tha_t.txt
tha_t04,60,137,tha_t03,59,135,tha_t.txt
tha_t04,81,36,tha_t05,62,8,tha_t.txt
tha_t05,62,157,tha_t05,213,97,tha_t.txt
tha_t05,208,97,tha_t05,62,162,tha_t.txt
tha_t05,185,235,tha_t06,206,11,tha_t.txt
thana_step,174,288,tha_t08,28,43,tha_t.txt
thana_step,173,372,tha_t07,30,166,tha_t.txt
tha_t07,114,166,thana_step,69,287,tha_t.txt
tha_t08,114,43,thana_step,30,223,tha_t.txt
thana_step,32,166,tha_t09,20,96,tha_t.txt
tha_t09,92,146,thana_step,180,223,tha_t.txt
thana_step,182,166,tha_t10,155,100,tha_t.txt
tha_t10,170,138,thana_step,14,73,tha_t.txt
thana_step,15,15,tha_t11,50,17,tha_t.txt
tha_t11,92,36,thana_step,180,73,tha_t.txt
thana_step,181,15,tha_t12,115,16,tha_t.txt
ve_fild03,168,240,thor_v01,21,229,thor_v.txt
thor_v01,21,224,ve_fild03,168,235,thor_v.txt
thor_v01,201,37,thor_v02,78,203,thor_v.txt
thor_v02,192,60,thor_v03,35,262,thor_v.txt
thor_v02,73,203,thor_v01,196,37,thor_v.txt
thor_v03,30,262,thor_v02,187,58,thor_v.txt
treasure01,112,164,treasure01,97,164,treasure.txt
treasure01,125,161,treasure01,144,161,treasure.txt
treasure01,142,161,treasure01,123,161,treasure.txt
treasure01,164,114,treasure01,164,88,treasure.txt
treasure01,164,91,treasure01,164,116,treasure.txt
treasure01,99,164,treasure01,114,164,treasure.txt
treasure01,76,111,treasure01,100,111,treasure.txt
treasure01,38,164,treasure01,25,164,treasure.txt
treasure01,40,111,treasure01,67,112,treasure.txt
treasure01,62,111,treasure01,38,111,treasure.txt
treasure01,27,164,treasure01,40,164,treasure.txt
treasure01,69,75,treasure01,69,106,treasure.txt
treasure01,69,125,treasure01,69,142,treasure.txt
treasure01,69,140,treasure01,69,123,treasure.txt
treasure01,98,111,treasure01,74,111,treasure.txt
treasure01,69,177,treasure02,102,27,treasure.txt
treasure01,41,37,treasure01,61,37,treasure.txt
treasure01,58,37,treasure01,39,37,treasure.txt
treasure01,69,102,treasure01,69,77,treasure.txt
treasure01,79,37,treasure01,98,37,treasure.txt
treasure01,96,37,treasure01,77,37,treasure.txt
treasure01,69,22,alb2trea,85,107,treasure.txt
treasure02,102,103,treasure02,102,120,treasure.txt
treasure02,102,118,treasure02,102,101,treasure.txt
treasure02,155,128,treasure02,155,97,treasure.txt
treasure02,155,99,treasure02,155,130,treasure.txt
treasure02,49,99,treasure02,49,130,treasure.txt
treasure02,102,24,treasure01,69,179,treasure.txt
treasure02,123,72,treasure02,140,72,treasure.txt
treasure02,138,72,treasure02,121,72,treasure.txt
treasure02,49,128,treasure02,49,97,treasure.txt
treasure02,65,72,treasure02,82,72,treasure.txt
treasure02,80,72,treasure02,63,72,treasure.txt
tur_dun01,154,241,tur_dun02,148,264,tur_dun.txt
tur_dun02,148,268,tur_dun01,154,237,tur_dun.txt
tur_dun02,167,19,tur_dun03,132,189,tur_dun.txt
tur_dun03,132,193,tur_dun02,167,23,tur_dun.txt
tur_dun03,217,71,tur_dun04,100,192,tur_dun.txt
tur_dun04,100,196,tur_dun03,215,75,tur_dun.txt
tur_dun05,89,69,tur_dun02,148,264,tur_dun.txt
tur_dun05,9,45,tur_dun01,154,237,tur_dun.txt
um_dun01,42,27,umbala,109,284,um_dun.txt
um_dun01,149,198,um_dun02,52,22,um_dun.txt
um_dun02,55,19,um_dun01,152,198,um_dun.txt
um_dun02,60,89,um_dun02,215,74,um_dun.txt
um_dun02,215,77,um_dun02,60,92,um_dun.txt
um_dun02,64,79,um_dun02,219,261,um_dun.txt
um_dun02,222,259,um_dun02,67,77,um_dun.txt
um_dun02,26,244,um_dun02,233,253,um_dun.txt
um_dun02,231,255,um_dun02,25,241,um_dun.txt
um_dun02,103,208,um_dun02,180,38,um_dun.txt
um_dun02,177,38,um_dun02,100,208,um_dun.txt
um_dun02,32,249,um_dun02,117,208,um_dun.txt
um_dun02,113,208,um_dun02,35,252,um_dun.txt
um_dun02,215,85,um_dun02,166,38,um_dun.txt
um_dun02,169,38,um_dun02,215,88,um_dun.txt
xmas,143,314,xmas_dun01,205,16,xmas_dun.txt
xmas_dun01,205,13,xmas,143,311,xmas_dun.txt
xmas_dun01,129,130,xmas_dun02,131,130,xmas_dun.txt
xmas_dun02,129,130,xmas_dun01,132,130,xmas_dun.txt
einbroch,92,281,airplane,224,64,airplane.txt
einbroch,64,234,airport,138,51,airplane.txt
airport,142,61,einbroch,62,246,airplane.txt
airport,124,13,airport,19,21,airplane.txt
airport,19,18,airport,122,16,airplane.txt
airport,161,13,airport,47,21,airplane.txt
airport,47,18,airport,163,16,airplane.txt
airport,143,14,einbroch,64,204,airplane.txt
einbroch,64,207,airport,143,17,airplane.txt
lhz_airport,125,14,lhz_airport,19,20,airplane.txt
lhz_airport,19,18,lhz_airport,123,14,airplane.txt
lhz_airport,160,14,lhz_airport,48,20,airplane.txt
lhz_airport,48,18,lhz_airport,162,14,airplane.txt
lighthalzen,267,76,lhz_airport,143,15,airplane.txt
lhz_airport,143,13,lighthalzen,265,76,airplane.txt
lhz_airport,142,60,lighthalzen,296,76,airplane.txt
lighthalzen,294,76,lhz_airport,143,53,airplane.txt
lighthalzen,308,76,airplane,224,58,airplane.txt
y_airport,125,14,y_airport,19,20,airplane.txt
y_airport,19,18,y_airport,123,14,airplane.txt
y_airport,160,14,y_airport,48,20,airplane.txt
y_airport,48,18,y_airport,162,14,airplane.txt
yuno,53,214,y_airport,143,23,airplane.txt
y_airport,143,16,yuno,52,207,airplane.txt
yuno,47,240,y_airport,143,54,airplane.txt
yuno,59,240,y_airport,143,54,airplane.txt
yuno,6,261,airplane_01,244,58,airplane.txt
yuno,96,261,airplane,244,58,airplane.txt
airplane,254,54,airplane,91,67,airplane.txt
airplane,87,67,airplane,250,54,airplane.txt
airplane,208,53,airplane,239,160,airplane.txt
airplane,245,160,airplane,214,54,airplane.txt
airplane_01,254,54,airplane_01,91,67,airplane.txt
airplane_01,87,67,airplane_01,250,54,airplane.txt
airplane_01,208,53,airplane_01,239,160,airplane.txt
airplane_01,245,160,airplane_01,214,54,airplane.txt
airplane_01,104,199,airplane_01,105,72,airplane.txt
airplane_01,103,72,airplane_01,102,199,airplane.txt
airplane_01,104,176,airplane_01,105,52,airplane.txt
airplane_01,103,52,airplane_01,102,176,airplane.txt
arena_room,84,103,arena_room,63,130,arena.txt
arena_room,63,126,arena_room,87,100,arena.txt
arena_room,76,87,arena_room,46,87,arena.txt
arena_room,49,87,arena_room,78,87,arena.txt
arena_room,84,71,arena_room,60,50,arena.txt
arena_room,63,53,arena_room,86,74,arena.txt
arena_room,115,71,arena_room,139,50,arena.txt
arena_room,136,53,arena_room,113,74,arena.txt
arena_room,123,88,arena_room,153,87,arena.txt
arena_room,150,87,arena_room,120,87,arena.txt
prt_are_in,54,13,arena_room,100,77,arena.txt
arena_room,135,126,arena_room,111,99,arena.txt
yuno,218,180,que_god01,99,84,god.txt
que_god01,99,81,yuno,218,177,god.txt
que_god01,63,88,que_god01,87,92,god.txt
que_god01,62,116,que_god01,46,94,god.txt
que_god01,12,116,que_god01,16,94,god.txt
que_god01,12,55,que_god01,17,83,god.txt
que_god01,50,55,que_god01,47,83,god.txt
job_thief1,180,15,moc_ruins,145,117,jobquests.txt
in_moc_16,18,8,moc_fild16,205,291,jobquests.txt
moc_fild16,205,296,in_moc_16,18,11,jobquests.txt
in_hunter,100,15,pay_fild10,143,250,jobquests.txt
prt_monk,192,172,monk_test,329,50,jobquests.txt
monk_test,329,47,prt_monk,193,166,jobquests.txt
monk_test,329,76,monk_test,259,118,jobquests.txt
monk_test,259,115,monk_test,329,71,jobquests.txt
monk_test,272,125,monk_test,301,127,jobquests.txt
monk_test,298,127,monk_test,268,125,jobquests.txt
aldebaran,65,53,alde_alche,20,175,jobquests.txt
aldebaran,53,65,alde_alche,42,175,jobquests.txt
alde_alche,19,171,aldebaran,68,56,jobquests.txt
alde_alche,42,171,aldebaran,56,68,jobquests.txt
alde_alche,41,186,alde_alche,113,178,jobquests.txt
alde_alche,114,183,alde_alche,42,182,jobquests.txt
alde_alche,13,184,alde_alche,88,113,jobquests.txt
alde_alche,88,117,alde_alche,13,181,jobquests.txt
alde_alche,46,104,alde_alche,157,17,jobquests.txt
alde_alche,160,17,alde_alche,50,103,jobquests.txt
alde_alche,46,77,alde_alche,88,17,jobquests.txt
alde_alche,93,17,alde_alche,50,77,jobquests.txt
alde_alche,89,62,alde_alche,17,23,jobquests.txt
alde_alche,17,29,alde_alche,89,67,jobquests.txt
alde_alche,133,77,alde_alche,162,107,jobquests.txt
alde_alche,158,107,alde_alche,129,77,jobquests.txt
alde_alche,133,103,alde_alche,164,164,jobquests.txt
alde_alche,158,163,alde_alche,129,103,jobquests.txt
cmd_fild07,193,117,in_rogue,379,46,jobquests.txt
in_rogue,375,46,cmd_fild07,196,117,jobquests.txt
in_rogue,375,34,in_rogue,380,125,jobquests.txt
in_rogue,375,125,in_rogue,379,33,jobquests.txt
cmd_fild07,355,286,in_rogue,247,126,jobquests.txt
in_rogue,247,122,cmd_fild07,349,285,jobquests.txt
in_rogue,244,21,cmd_fild09,106,191,jobquests.txt
in_rogue,172,34,cmd_fild09,341,143,jobquests.txt
in_rogue,161,103,cmd_fild04,302,177,jobquests.txt
in_rogue,8,9,in_rogue,389,389,jobquests.txt
job_duncer,69,43,comodo,185,156,jobquests.txt
einbroch,136,199,que_ng,138,167,jobquests.txt
que_ng,130,166,einbroch,130,197,jobquests.txt
que_ng,178,162,que_ng,172,86,jobquests.txt
que_ng,166,85,que_ng,182,161,jobquests.txt
que_ng,165,137,que_ng,177,41,jobquests.txt
que_ng,172,42,que_ng,160,139,jobquests.txt
amatsu,149,140,que_ng,20,142,jobquests.txt
que_ng,20,138,amatsu,147,136,jobquests.txt
que_ng,10,183,que_ng,33,64,jobquests.txt
que_ng,37,64,que_ng,15,182,jobquests.txt
que_ng,30,37,que_ng,67,28,jobquests.txt
que_ng,63,30,que_ng,25,37,jobquests.txt
kh_school,76,156,yuno_fild08,155,189,kiel.txt
kh_school,30,125,kh_school,67,14,kiel.txt
kh_school,71,14,kh_school,36,125,kiel.txt
kh_school,35,133,kh_school,148,16,kiel.txt
kh_school,153,16,kh_school,39,136,kiel.txt
kh_school,30,155,kh_school,182,116,kiel.txt
kh_school,186,117,kh_school,35,155,kiel.txt
kh_school,35,176,kh_school,148,56,kiel.txt
kh_school,153,56,kh_school,40,176,kiel.txt
kh_school,30,185,kh_school,67,74,kiel.txt
kh_school,71,74,kh_school,35,184,kiel.txt
kh_vila,79,11,yuno_fild02,92,208,kiel.txt
kh_vila,71,38,kh_vila,42,38,kiel.txt
kh_vila,46,38,kh_vila,75,38,kiel.txt
kh_vila,71,54,kh_vila,42,54,kiel.txt
kh_vila,46,54,kh_vila,75,54,kiel.txt
kh_vila,34,66,kh_vila,20,108,kiel.txt
kh_vila,20,103,kh_vila,34,61,kiel.txt
kh_vila,84,66,kh_vila,44,107,kiel.txt
kh_vila,44,103,kh_vila,84,62,kiel.txt
kh_vila,32,128,kh_vila,23,171,kiel.txt
kh_vila,22,167,kh_vila,32,123,kiel.txt
kh_vila,90,47,kh_vila,119,47,kiel.txt
kh_vila,115,47,kh_vila,85,47,kiel.txt
kh_vila,126,75,kh_vila,180,176,kiel.txt
kh_vila,180,171,kh_vila,126,70,kiel.txt
kh_vila,175,71,kh_vila,136,64,kiel.txt
kh_vila,191,19,yuno_fild02,74,215,kiel.txt
lighthalzen,188,204,kh_mansion,84,49,kiel.txt
kh_mansion,88,50,lighthalzen,188,199,kiel.txt
kh_mansion,21,11,kh_mansion,72,49,kiel.txt
kh_rossi,15,92,yuno,270,139,kiel.txt
kh_rossi,35,87,kh_rossi,27,37,kiel.txt
kh_rossi,27,42,kh_rossi,35,91,kiel.txt
kh_rossi,63,87,kh_rossi,99,38,kiel.txt
kh_rossi,99,42,kh_rossi,63,91,kiel.txt
kh_rossi,90,87,kh_rossi,168,30,kiel.txt
kh_rossi,168,34,kh_rossi,90,90,kiel.txt
kh_rossi,35,98,kh_rossi,27,147,kiel.txt
kh_rossi,27,143,kh_rossi,35,94,kiel.txt
kh_rossi,90,101,kh_rossi,282,64,kiel.txt
kh_rossi,42,26,kh_rossi,92,25,kiel.txt
kh_rossi,87,25,kh_rossi,36,26,kiel.txt
kh_rossi,282,60,kh_rossi,90,96,kiel.txt
kh_rossi,222,68,kh_rossi,22,277,kiel.txt
kh_rossi,22,273,kh_rossi,222,64,kiel.txt
kh_rossi,248,68,kh_rossi,88,277,kiel.txt
kh_rossi,88,273,kh_rossi,248,64,kiel.txt
kh_rossi,222,25,kh_rossi,22,219,kiel.txt
kh_rossi,22,222,kh_rossi,222,29,kiel.txt
kh_rossi,248,25,kh_rossi,88,217,kiel.txt
kh_rossi,88,222,kh_rossi,248,29,kiel.txt
kh_rossi,259,46,kh_rossi,224,234,kiel.txt
kh_rossi,228,234,kh_rossi,263,46,kiel.txt
kh_rossi,220,231,kh_rossi,260,186,kiel.txt
kh_rossi,260,190,kh_rossi,220,234,kiel.txt
kh_rossi,204,231,kh_rossi,204,186,kiel.txt
kh_rossi,204,190,kh_rossi,204,234,kiel.txt
kh_rossi,188,231,kh_rossi,148,186,kiel.txt
kh_rossi,148,190,kh_rossi,188,234,kiel.txt
kh_rossi,188,238,kh_rossi,148,283,kiel.txt
kh_rossi,148,279,kh_rossi,188,235,kiel.txt
kh_rossi,204,238,kh_rossi,204,283,kiel.txt
kh_rossi,204,279,kh_rossi,204,235,kiel.txt
kh_rossi,220,238,kh_rossi,261,283,kiel.txt
kh_rossi,260,279,kh_rossi,220,235,kiel.txt
